,id,name,artists,duration_s,popularity,tempo,valence,time_signature,acousticness,key,liveness,energy,loudness,danceability,speechiness,instrumentalness
0,0VO8gYVDSwM1Qdd2GsMoYK,Moth To A Flame (with The Weeknd),Swedish House Mafia,234.0,83,120.146,0.105,4,0.0027,8,0.105,0.659,-7.295,0.553,0.0391,0.0
1,6JQsZzfuQ6iqblAe6JYiFb,Always Together,Sole Sole,128.823,49,102.002,0.0553,4,0.355,10,0.0935,0.9,-8.906,0.592,0.0336,0.741
2,556awMv4WQP0h1VXMU8rSU,Eyes Wide Shut,ILLENIUM,152.331,69,89.978,0.418,4,0.0122,4,0.4,0.848,-3.413,0.573,0.0474,2.29e-05
3,4FWbsd91QSvgr1dSWwW51e,TRUSTFALL,P!nk,237.2,83,122.032,0.25,4,0.00162,8,0.147,0.888,-3.889,0.636,0.0945,0.000216
4,7kOletJ0Q5H4MWe7cfeZXP,Alone (with Nicki Minaj),Kim Petras,185.113,80,136.985,0.167,4,0.069,3,0.125,0.513,-6.643,0.681,0.0388,0.0
5,09rAJ1Q1NNJSaUKEW3X9P6,Crying On The Dancefloor,Sam Feldt,173.008,77,126.001,0.317,4,0.18,10,0.797,0.698,-6.162,0.723,0.0659,0.0
6,0PAcdVzhPO4gq1Iym9ESnK,Thinkin’ Bout Me,Morgan Wallen,177.387,86,139.971,0.429,4,0.492,3,0.117,0.757,-5.775,0.656,0.0308,0.0
7,5mHdCZtVyb4DcJw8799hZp,Escapism.,RAYE,272.373,90,96.107,0.25,4,0.138,2,0.0934,0.742,-5.355,0.538,0.114,4.67e-05
8,0JmnkIqdlnUzPaf8sqBRs3,Moonlight,Kali Uchis,187.723,85,136.851,0.896,4,0.518,7,0.25,0.706,-6.872,0.642,0.052,0.0
9,5i9EFDkipPL6BwtLJSEDp9,You Are Peace,Charles Bolt,204.911,49,200.216,0.122,4,0.992,7,0.183,0.0846,-19.904,0.438,0.0558,0.949
10,6ATgDc6e4sPn84hvJsAmPt,hate u love u,Olivia O'Brien,175.466,73,176.947,0.246,4,0.656,6,0.0981,0.416,-8.915,0.407,0.174,0.0
11,3lidSV6gGEaXRhl1hlOsXG,Give Me Love,Kurt Hugo Schneider,192.75,27,175.963,0.396,3,0.904,1,0.128,0.346,-6.487,0.467,0.0332,1.82e-05
12,00vxvUiKL3oD38oVNaFSkI,Words I Said,SRTW,180.491,50,122.021,0.0742,4,0.813,0,0.109,0.385,-13.479,0.764,0.0382,0.0201
13,5XgF7GyPK09HElKbbA9WMc,More Than a Feeling,Sole Sole,146.822,50,117.914,0.162,4,0.087,4,0.533,0.731,-6.332,0.541,0.0336,0.000979
14,2bslaevNj0FXeaQWcJQ522,Ghost,SVRCINA,203.971,39,123.76,0.158,4,0.87,2,0.0661,0.331,-8.625,0.404,0.0352,5.49e-06
15,7139RLPJb5J8LcC3A0KXly,Driftin',Sam Louis,207.027,39,169.93,0.374,4,0.00178,11,0.278,0.571,-7.901,0.613,0.0474,0.000781
16,2UIPJA8sKFmgXYmFng7xg4,Salt I Mina Sår,Junie,150.387,46,144.068,0.676,4,0.641,1,0.0833,0.411,-6.915,0.666,0.0356,0.0
17,3oj5xWQasKxqCbcQk4dgY9,Turn Back Time,Rich Edwards,189.923,43,114.981,0.532,4,0.595,0,0.174,0.807,-5.42,0.707,0.115,0.0
18,3EF7Ou3YVOa3KdBGJDQ3Bt,HEAVY,Estelle Fly,156.631,35,94.999,0.384,4,0.0481,1,0.183,0.619,-5.891,0.668,0.0324,0.000355
19,3eqApUN9kogvB9AQKDXzly,I Love You Forever,Edwin Klift,163.487,43,95.052,0.52,4,0.373,9,0.347,0.616,-6.131,0.684,0.0325,0.0
20,3NNDJfWMGHuNpvHWTImmlW,慢冷,Fish Leong,289.604,62,92.054,0.269,4,0.786,4,0.105,0.471,-8.247,0.521,0.0317,0.0
21,59uQI0PADDKeE6UZDTJEe8,Last Night,Morgan Wallen,163.854,90,203.853,0.518,4,0.459,6,0.151,0.675,-5.382,0.517,0.0357,0.0
22,5rOfT9jn36dDFqpfTSeDyn,Hold On To You - Extended Mix,Omnia,297.508,36,125.978,0.446,4,0.0997,8,0.135,0.768,-4.903,0.627,0.105,9.46e-05
23,1AXFNVpfZkoclEwmmPCL7r,Die In Your Arms,MVSE,275.2,38,149.807,0.4,4,0.641,4,0.11,0.669,-5.655,0.506,0.0346,0.0
24,4f1EatLdOABSCCCO5aLhfc,Dig Deep,Nathan Hartono,218.666,33,89.986,0.159,4,0.169,11,0.12,0.596,-7.652,0.594,0.0437,0.0
25,79mcJ0rxwmiCVoPCDY7VTJ,Hard to Love,JACSIN,192.75,39,159.937,0.15,4,0.006,5,0.176,0.503,-12.441,0.395,0.0342,0.0
26,44n97yHySt0Z9rqPaXgjCK,Sorry,Halsey,220.54,73,74.103,0.351,4,0.913,5,0.117,0.25,-9.376,0.513,0.0367,0.0
27,3sTJMNhmUeTcFzPhKDLetu,Always or Never,Vacation Club,210.206,37,117.932,0.405,4,0.0125,2,0.13,0.552,-8.496,0.699,0.0302,0.000254
28,1Nb2v2LCq4dgZLorOGZhNJ,Weak,Deep Chills,141.488,50,119.023,0.739,4,0.416,6,0.0834,0.698,-5.751,0.795,0.0462,4.9e-06
29,01zMJ3mp9nqZmJTCeb3lLl,It′s My Life,Yoon Mirae,256.314,45,103.048,0.397,4,0.0777,7,0.22,0.678,-4.007,0.653,0.0242,0.0
30,0QhzV0wGDhWvBfvTpvVL5m,Face My Fears,Isak Danielson,224.937,48,137.546,0.108,4,0.0721,11,0.122,0.462,-8.485,0.497,0.0517,0.0
31,76F0abqCujup0jqxbVlobH,What If,YVR,164.1,34,108.967,0.402,4,0.113,10,0.29,0.498,-8.057,0.745,0.0382,0.000156
32,35ca7d3jGClbPVSf9ofrLE,Beautiful Day,Jonathan Roy,218.054,56,94.012,0.759,4,0.191,6,0.0591,0.757,-3.572,0.706,0.0546,0.0
33,26IRVTEPHlZHFL5E4beZEh,Perfect,Cole Norton,319.665,48,155.459,0.357,4,0.854,10,0.155,0.262,-10.46,0.513,0.0422,0.0
34,48qqqvC77Wi32k0tIz9dYN,Crash & Burn,With Løve,181.671,27,172.024,0.0831,4,0.0155,6,0.109,0.757,-6.775,0.463,0.229,1.02e-06
35,0bbgnjS3MjnNKwDhLEMIHv,Rooftops,henrikz,191.538,37,103.954,0.732,4,0.0271,11,0.149,0.834,-5.283,0.678,0.0282,0.0
36,2v62vywsNcLSWCcGnJKoFE,Body Of Water,Velee,190.125,35,90.02,0.323,4,0.331,2,0.12,0.6,-7.211,0.474,0.034,1e-06
37,4lRSeOZ97LHOFDk5A0opcq,Let It Roll,Lewis Capaldi,219.693,63,100.098,0.634,4,0.523,6,0.0947,0.715,-4.174,0.616,0.0345,0.0
38,1NxHgM5nOnmqi3KUVLbaIw,Leaving My Love Behind,Lewis Capaldi,210.213,72,75.638,0.135,4,0.65,2,0.0862,0.446,-4.836,0.409,0.0317,0.0
39,0pEkK8MqbmGSX7fT8WLMbR,Grace,Lewis Capaldi,185.657,74,104.483,0.488,4,0.435,4,0.165,0.565,-5.848,0.722,0.0335,0.0
40,2gMXnyrvIjhVBUZwvLZDMP,Before You Go,Lewis Capaldi,215.106,86,111.881,0.183,4,0.604,3,0.0885,0.575,-4.858,0.459,0.0573,0.0
41,5PpfS4TSItT2fVhuiQ216S,Love You To Death,KCM Soul Dive,205.217,29,120.017,0.686,4,0.352,10,0.299,0.789,-6.493,0.756,0.108,0.0
42,04CqLjewJiSAqM210vZAmT,River,Miley Cyrus,162.973,85,127.989,0.461,4,0.000525,9,0.189,0.803,-5.171,0.613,0.0367,0.000333
43,6VYAzAQGFsfEAwdorQaZuU,Die 4 Me,Halsey,215.021,78,145.048,0.554,4,0.355,7,0.275,0.743,-4.267,0.694,0.0833,0.0
44,4BxjbpktDfYXu47W2Q9GMJ,Coming Home,Arc North,163.445,51,180.053,0.304,4,0.0836,8,0.136,0.707,-6.275,0.447,0.081,0.0
45,4nJThTSjs8XAwT3KjP5DKK,Close My Eyes,Tape Machines,211.853,38,97.986,0.37,4,0.00394,1,0.0944,0.823,-5.374,0.577,0.0374,0.0
46,4bhe0XXBRo4EAPKgy4M2xz,Breathing,Anne-Marie,204.333,60,120.075,0.243,4,0.726,1,0.128,0.422,-8.102,0.667,0.0527,0.0
47,2Ldb2ytuC9AxhpAkVEJBI6,Sandman,Ed Sheeran,259.333,60,125.951,0.734,4,0.882,0,0.0665,0.3,-8.034,0.822,0.0673,9.15e-05
48,5v4sZRuvWDcisoOk1PFv6T,Bloodstream,Ed Sheeran,300.253,66,91.207,0.543,4,0.529,3,0.104,0.316,-11.567,0.66,0.0364,0.000294
49,4zrKN5Sv8JS5mqnbVcsul7,Celestial,Ed Sheeran,209.026,83,123.038,0.501,4,0.0529,2,0.161,0.852,-1.248,0.574,0.0397,0.0
50,48kKk4EjDykCqgUqUytCIL,Save You,SABAI,177.375,57,90.045,0.14,4,0.152,5,0.23,0.55,-7.721,0.619,0.0274,3.67e-05
51,58a9IkESzo9xiOlOgzJcqe,Runnin,Kosling,219.374,35,128.009,0.201,4,0.0123,2,0.0632,0.563,-6.493,0.538,0.0386,0.0
52,14QDaXXjcxxp4k77bUOIqg,Brave,Yoel Lewis,302.0,40,127.976,0.284,4,0.194,3,0.124,0.809,-7.277,0.605,0.0361,0.0129
53,0kKktEyBhO6BDZUQcAjsaW,Cold Winter,July,223.5,31,87.993,0.156,4,0.626,3,0.114,0.741,-10.807,0.533,0.0444,0.881
54,447anYXT2ONrCfw3PlXLWV,再一次擁有,龔詩嘉,259.466,38,135.267,0.263,4,0.94,11,0.125,0.282,-9.696,0.362,0.0326,6.29e-06
55,2Qw99dMoeI6bnxGqDInWDS,Forgive Me Now,BH,200.766,40,139.989,0.0398,4,0.821,1,0.0863,0.363,-13.666,0.52,0.0357,0.479
56,0rHVd8h0cFwgLgPFem6S60,Girls Like (feat. Zara Larsson),Tinie Tempah,196.0,64,120.028,0.538,4,0.37,0,0.0812,0.804,-3.406,0.916,0.049,1.18e-05
57,5JuN6H8LK9xysclyk356rl,Who's There,Peter Sandberg,157.11,52,136.003,0.0922,4,0.957,4,0.107,0.0782,-23.678,0.554,0.04,0.944
58,727Z2S2mtNH46CbP9EWPwY,If You Love Her,Forest Blakk,217.351,75,50.827,0.278,4,0.355,6,0.114,0.445,-8.087,0.286,0.0347,0.0
59,3BJI1xTy9flJ2Ry8vyIIRY,180,Jordan Feliz,214.466,57,155.787,0.372,4,0.0994,3,0.102,0.515,-6.036,0.42,0.0335,0.0
60,1AS5FdXDi3H7zJrU7wo2wA,Holdin' My Own,Said The Sky,138.269,35,130.023,0.269,4,0.779,8,0.163,0.676,-9.067,0.657,0.0521,0.000772
61,2LzNiHhXOhNNoeQoamNuPj,I'm Leaving - Mosimann Live Edit,Tom Swoon,200.852,32,128.0,0.241,4,0.228,11,0.063,0.628,-5.53,0.559,0.0292,0.0
62,3XpyxsuvJa1zJC3fzupBT4,Falling Awake,HIGHST,154.653,36,188.039,0.545,4,0.17,1,0.131,0.872,-4.951,0.53,0.0928,8.87e-05
63,1MiDuGkUQR6gC2nZPGas0c,sometimes,Ni/Co's Covers,172.5,40,114.887,0.626,5,0.822,10,0.154,0.26,-10.846,0.427,0.0361,0.0
64,7vtaJvRbB4VIYUk0UDiw1B,Soaring Higher,Adelyn Paik,217.102,35,79.984,0.0552,4,0.33,0,0.109,0.528,-6.819,0.451,0.0313,0.00519
65,5iG5lMF8hwVDHtvAa1WoMQ,A Little Bit Yours (feat. Eric Chou) - Mandarin Version,JP Saxe,225.386,48,83.409,0.263,4,0.718,1,0.101,0.3,-8.113,0.337,0.0346,0.0
66,1M3aVAFGfkPOke9mIUqrYt,Maybe We Can Still Be Friends,Sture Zetterberg,197.5,45,139.857,0.283,4,0.67,0,0.163,0.326,-10.5,0.542,0.0297,0.0
67,4HTKyOtuFST43QLkWPYvq1,Where the Heart Will Stay,Oakë,268.635,32,131.932,0.294,4,0.801,11,0.0882,0.286,-12.766,0.455,0.0419,1.26e-06
68,4Ms69VaCJtXdQp3wVvYKm0,Down In Flames,Jordan Ethan,253.387,37,124.057,0.151,3,0.174,10,0.598,0.583,-7.488,0.517,0.0371,0.0
69,4xAbJ9p5Z3bflmYu99Dr3i,Stop Runnin',LOKRE,207.042,39,140.774,0.0716,4,0.128,11,0.103,0.447,-6.551,0.342,0.0313,0.000253
70,0zUP7rI8IysxWL7jZ9pAvL,Deepest Ocean,ShiShi,177.0,33,100.091,0.198,4,0.212,1,0.116,0.683,-5.063,0.649,0.0852,0.000367
71,2lygbmCHLojLwqkS7QRP1t,Saving Light - Acoustic,HALIENE,200.387,35,130.061,0.13,4,0.52,4,0.103,0.364,-9.648,0.348,0.0333,0.0
72,7M0G5wRuoISYiCDytDxEFz,Walls - Naked Edition,Ruben,179.097,59,90.357,0.461,4,0.733,7,0.205,0.461,-7.594,0.537,0.0511,0.0
73,1SOClUWhOi8vHZYMz3GluK,Infinity,Jaymes Young,237.72,83,121.963,0.494,4,0.148,11,0.304,0.673,-6.941,0.671,0.0444,5.29e-05
74,3y9GDhOJ8GUFIa3DOqLAPZ,Prayer In C,Offmind,159.203,54,124.037,0.526,4,0.0401,7,0.13,0.68,-7.39,0.795,0.0317,4.85e-05
75,0ZowvkKpyDGkoiRCGTz4aZ,Go,Saxena,158.888,53,107.998,0.201,4,0.526,5,0.355,0.638,-8.213,0.704,0.0367,0.000802
76,0yBtUEMwNECZF1tmLsj67V,Bad Habits,Lone Tusker,157.5,56,120.042,0.204,4,0.0734,9,0.291,0.717,-7.997,0.649,0.104,0.0
77,1Fid2jjqsHViMX6xNH70hE,Atlantis,Seafret,229.173,87,166.159,0.213,4,0.0529,8,0.115,0.479,-7.989,0.4,0.0308,2.14e-06
78,3WIYFmIDmu9tcNSTNTBXvY,Descanso Gardens,Revelries,166.572,58,124.017,0.441,4,0.133,4,0.444,0.935,-6.377,0.647,0.0462,0.00725
79,2wLIUEezoxZDKBtK3Qzmbk,You're Somebody Else,Lone Tusker,158.0,57,119.981,0.219,4,0.277,1,0.342,0.741,-7.2,0.622,0.0295,0.0293
80,7jHi6opPq439ruUlfH90Aw,Creepin' (with The Weeknd & 21 Savage),Metro Boomin,221.52,66,97.95,0.152,4,0.41,1,0.0784,0.608,-5.985,0.712,0.0474,0.0
81,0wI0S42Cg41DVGqIIVimTM,Blinding Lights,Revelries,176.406,63,99.99,0.5,4,0.178,2,0.373,0.711,-6.661,0.61,0.0797,0.0
82,689barEI0C49BTyB3P0LS6,Just Enough Whiskey,Nightshift,214.981,48,170.031,0.212,4,0.0375,6,0.0882,0.746,-5.567,0.477,0.0636,4.24e-05
83,1l6RpVYiiC1G7XqnBZGRxz,Enemies,Josh Lorenzen,214.747,30,114.018,0.323,4,0.653,9,0.0366,0.453,-8.91,0.593,0.0329,0.0
84,0xrf1ufmcXa1Ybmo3iyBjo,Helium,Alex Goot,175.333,34,133.278,0.361,4,0.294,11,0.0915,0.53,-5.837,0.442,0.0338,0.0
85,0USeB0Tykai3QZj5YAUclG,眼淚記得你 - 電影《想見你》主題曲,Shi Shi,244.106,67,129.865,0.0966,4,0.666,7,0.11,0.322,-9.137,0.37,0.0466,0.0
86,74iZuPGwyL33VlTr6jTnab,Always Remember Us This Way,Lady Gaga,210.2,72,129.976,0.296,4,0.299,0,0.764,0.502,-5.972,0.553,0.0409,0.0
87,0n4JlVZpQ3J0ysBeUKXkwm,撒野(巫哲小说《撒野》官方主题曲),凯瑟喵,248.058,39,176.694,0.414,4,0.776,11,0.08,0.405,-10.616,0.287,0.037,0.000747
88,0Rire2V0YESlhKA7VcddzL,All In My Head - Radio Edit,Nadia Ali,223.039,33,121.95,0.176,4,0.0507,4,0.104,0.525,-8.573,0.6,0.0303,3.68e-05
89,4txxv9Lk2IrLhDof6NrrL5,Like a Kid (feat. Mags Duval),PANG!,246.012,38,88.684,0.313,4,0.602,2,0.0575,0.536,-8.334,0.552,0.162,0.0
90,0vwF1PVvU7EJpKKGRDgdaQ,Remember - Acoustic / Sped Up,Becky Hill,154.146,66,136.932,0.548,4,0.81,7,0.0943,0.525,-6.765,0.602,0.0504,0.0
91,06yG42F8p8l621YLki0rp2,Dancing’s Done,Ava Max,166.906,67,113.997,0.215,4,0.0171,1,0.113,0.835,-3.141,0.588,0.0595,1.61e-06
92,0yLdNVWF3Srea0uzk55zFn,Flowers,Miley Cyrus,200.454,98,117.999,0.646,4,0.0632,0,0.0322,0.681,-4.325,0.707,0.0668,5.15e-06
93,54fFQDKCPb0NO6WRnAlLfV,Name Tag,Nivicious,196.742,45,104.979,0.642,4,0.129,7,0.335,0.546,-8.514,0.792,0.042,1.6e-05
94,3m6hYjiwghbKWqJZCvhhUF,Lay Me Down - Nervo Remix,Ben Hazlewood,205.812,40,153.971,0.807,3,0.192,1,0.34,0.827,-2.822,0.63,0.182,0.0
95,19HCkAp2iAqwpJ5xA3YykX,尋人啟事,LaLa Hsu,274.266,43,144.746,0.213,4,0.79,4,0.0857,0.14,-14.068,0.332,0.0327,9.25e-06
96,1p8XXEIjVHIqS6EKXG5qhb,OIK,163 braces,159.069,46,86.065,0.159,4,0.487,0,0.145,0.308,-7.774,0.659,0.0432,0.0
97,39HrUxcvKF3jtLz7fUDWXc,First Love,Hikaru Utada,257.293,72,179.913,0.195,4,0.122,7,0.15,0.434,-8.37,0.438,0.0371,0.0
98,6j4AAcbeR7Z4zfUKl2EndY,裂縫中的陽光,JJ Lin,228.6,51,84.788,0.44,4,0.621,0,0.105,0.615,-5.905,0.491,0.0299,0.0
99,46PzflyM0fehl0AtZutikH,茉莉雨,JJ Lin,256.546,41,89.994,0.182,4,0.633,9,0.0934,0.602,-6.157,0.481,0.0311,3.71e-05
100,5s8qhNuRzoqKnMcFTwL5IJ,Alone - slowed + reverbed,Rentz,288.006,18,202.574,0.17,4,0.0683,8,0.111,0.928,-1.768,0.283,0.3,0.0
101,3RXCEr1KODV7t523KdN9MU,More And More,Sanchez,237.795,40,78.024,0.572,4,0.452,5,0.0648,0.591,-4.869,0.618,0.028,0.0
102,7vXEipUY3qNRK9K1lZjnfM,Don't Give Up On Me (with R3HAB),Andy Grammer,190.645,55,121.445,0.117,4,0.0511,3,0.126,0.766,-5.84,0.489,0.0851,1.35e-05
103,3aXEJXfyrTCSj2jpxVoc9c,Radioactive,Cathrine Lassen,193.653,36,114.917,0.279,4,0.806,10,0.111,0.456,-6.712,0.643,0.0418,8.2e-06
104,48Vq4u3bM2BRrEgH4diZXj,Nights With You,Gianna Isabella,214.327,37,87.978,0.621,4,0.573,5,0.21,0.585,-7.85,0.645,0.0272,1.51e-05
105,1kktpElenMw7abRS3bTACu,I Think About You,BLU J,231.773,36,147.975,0.252,4,0.0596,0,0.112,0.791,-7.272,0.527,0.044,1.55e-06
106,3TNUA9eTWJu7xlOyVxczok,Oceans & Galaxies - Acoustic,Jauz,215.342,34,145.986,0.348,4,0.603,4,0.07,0.388,-8.243,0.518,0.0295,0.0
107,6F5tGX8La651raUGxmGN1n,Hold You,DITA,269.44,35,80.505,0.192,4,0.0752,0,0.0591,0.46,-5.781,0.199,0.0336,0.0
108,0U969xYNlAyfzi8P1TaO7u,Wait for You,Elliott Yamin,261.32,59,116.027,0.352,4,0.25,0,0.184,0.487,-6.734,0.764,0.0281,0.0
109,3cMAS9DjZHrAnKvPrTIw7Z,Wait for You (feat. Zoe Wees),Tom Walker,153.026,66,159.78,0.392,4,0.366,1,0.0956,0.65,-4.27,0.502,0.0531,0.0
110,4iVVU8DyQvOVsKafv3KWIF,Leave a Light On,Tom Walker,185.863,69,68.68,0.28,4,0.0146,5,0.131,0.625,-5.94,0.585,0.109,1.8e-06
111,1YMBg7rOjxzbya0fPOYfNX,A Different Way (with Lauv),DJ Snake,198.285,66,104.996,0.587,4,0.495,8,0.142,0.757,-3.912,0.784,0.0384,1.18e-06
112,5a0sI8V5iDBiChTCfFNZL1,Dynasty,MIIA,225.515,68,123.768,0.304,4,0.256,8,0.0759,0.594,-4.403,0.492,0.0377,0.0
113,0nbOmK2tc2c0aU8qpueClU,Too Late,OmgLoSteve,219.375,34,127.994,0.154,4,0.0303,7,0.388,0.656,-7.574,0.713,0.0313,0.0175
114,704gu7uPEwFdm0OhePgIl8,Worst Kind of Hurt,Laura Marano,164.408,54,124.655,0.163,4,0.268,11,0.102,0.449,-8.716,0.63,0.054,5.62e-06
115,3lSB7D3SgmUeOFv7dO4jER,World We Know,Avalan,176.843,51,124.857,0.328,4,0.776,2,0.1,0.338,-8.427,0.631,0.0343,0.0
116,0ztYbFRF52jFnlAiQxxA6y,When We Were Younger,Loving Caliber,192.772,50,135.941,0.18,4,0.719,10,0.0943,0.303,-9.623,0.543,0.0311,0.000361
117,4wuCQX7JvAZLlrcmH4AeZF,Cross Me (feat. Chance the Rapper & PnB Rock),Ed Sheeran,206.186,61,95.005,0.607,4,0.212,4,0.0669,0.787,-6.373,0.746,0.12,0.0
118,3i4CFXy3ezQZEt8V0GA7Uh,Drop Dead,Holly Humberstone,177.162,48,89.858,0.132,4,0.586,0,0.0927,0.393,-7.322,0.577,0.038,0.000181
119,1rhPNTxshTaIrCkPrGn4KK,孤獨的總和,Fang Wu,244.586,32,113.037,0.268,4,0.628,4,0.15,0.335,-9.448,0.583,0.0264,0.0
120,6la3Kme7O7D01fJPxgpAS5,訣愛 (劇集《蒼蘭訣》片頭曲),詹雯婷,189.295,67,142.026,0.169,4,0.313,11,0.0672,0.62,-6.492,0.45,0.0365,0.0
121,6Zk39xiAWSU1uxkNbRQ8EH,Loving You,Allexinno,206.25,37,127.99,0.366,4,0.038,6,0.0717,0.918,-3.922,0.698,0.0277,2.28e-05
122,4LjF33zge6eszlGqqkcFJ8,Without You Now (feat. AJ Mitchell),Digital Farm Animals,171.063,37,120.027,0.313,4,0.152,4,0.163,0.619,-5.23,0.664,0.0474,0.0
123,7qGzgOQYxfLbQGqZTiVqTl,Power,Isak Danielson,207.0,61,115.751,0.173,4,0.212,1,0.0567,0.495,-6.892,0.375,0.048,1.08e-06
124,7nqy2nKwmFEnGfzyVJkOFI,逆時光的浪,Bii,280.12,40,77.892,0.382,4,0.509,8,0.247,0.475,-8.043,0.498,0.029,0.0
125,2x6kFL5AIIwacxHySO4mXP,Somebody That You Loved,Bruno Martini,215.998,50,109.977,0.444,4,0.329,7,0.0819,0.721,-7.0,0.707,0.039,0.000309
126,2eouj3BT9NAeR9Eq6Ssz6E,Don't Let Go,Mandrazo,211.666,32,90.197,0.0964,4,0.0999,4,0.147,0.653,-5.06,0.386,0.0334,5.49e-05
127,6OzRF5Oqmsb1Ec1sMKY4g7,Need You Now,William Black,203.72,42,128.981,0.149,4,0.639,10,0.113,0.719,-6.897,0.588,0.035,0.0037
128,1pwhTHRK6ITrm2Q20qX0Af,Another You,Thimlife,175.131,37,89.959,0.251,4,0.234,10,0.129,0.513,-8.814,0.681,0.0492,0.000138
129,1kAkUHFb7ryeVkVSRD6Nkj,Wish I Was Better,Kina,140.571,63,139.965,0.185,4,0.747,0,0.143,0.304,-13.086,0.732,0.111,6.13e-05
130,3eO1WMVfe6q1ukGOemojGK,Treat Me Right,ElloXo,186.627,30,106.506,0.146,5,0.304,2,0.0924,0.455,-13.029,0.392,0.0527,0.748
131,2YvLXc4ErHZnBY2pF56U1a,If We Fall,Miavono,287.934,36,128.019,0.52,4,0.799,10,0.128,0.474,-12.549,0.685,0.0505,0.00309
132,6f1vuDowJgL1mNEsfJdRSP,就這麼錯過 - 電視劇【翻牆的記憶】片尾曲,Morrison 馬仕釗,283.422,36,84.959,0.2,4,0.318,2,0.0999,0.348,-8.869,0.419,0.0288,0.0
133,3TsbyfhFrXvBom8f6HQAqO,Burden (Mr FijiWiji Remix),Subtact,264.316,34,188.172,0.0382,4,0.135,4,0.38,0.366,-12.881,0.186,0.0465,0.14
134,3byX1QDmDs6PjddQwWZFy4,Love Stream,Brice Davoli,111.37,53,180.004,0.0394,3,0.988,0,0.108,0.226,-18.515,0.282,0.0584,0.844
135,5Jq1GHpVFKk1UkC1SIakm0,Seconda Navigazione (Live),Roberto Cacciapaglia,287.853,14,90.654,0.0685,4,0.962,11,0.691,0.271,-17.116,0.293,0.0304,0.886
136,4uQSr1RcC0VZbUOF5TxuPB,Ancient Evenings,Roberto Cacciapaglia,174.613,24,151.878,0.0704,4,0.974,10,0.114,0.223,-12.153,0.354,0.0278,0.862
137,2P0e1s7IO2QgRFVlbI0s1C,Perfect Horizon,Magnum Opus,150.522,25,126.06,0.0406,4,0.917,7,0.111,0.234,-16.09,0.496,0.0378,0.967
138,3JvdZv9dxIHZlHu0eCKajZ,Safe & Sound,William Joseph,241.259,44,73.059,0.0536,4,0.725,7,0.125,0.355,-14.05,0.44,0.0276,0.911
139,5ZduaRci3iNUiDfJbBfAaf,Give It To Me - Full Vocal Mix,Matt Sassari,102.86,84,126.027,0.726,4,0.00116,1,0.164,0.869,-5.996,0.874,0.0315,0.00238
140,0zqBZqm5czQ3A4EoSdKFHj,Man On The Moon,Alan Walker,178.625,70,129.971,0.5,4,0.0557,4,0.197,0.816,-5.648,0.668,0.0367,1.02e-06
141,1Zl5igG6hPbGJVobEKTwWH,Maria and the Violin's String,Sergio Panarella,178.586,0,146.906,0.135,3,0.983,4,0.115,0.253,-10.871,0.359,0.0314,0.934
142,0ZQQU06DOQTaaBoPT2x6Gw,Okay Alone,Sineself,240.0,39,140.053,0.148,4,0.277,8,0.174,0.596,-6.335,0.44,0.0403,8.74e-06
143,00LvoGJplEaTcFLC0wIrQ9,冰河時代,G.E.M.,210.785,43,129.947,0.207,4,0.11,7,0.105,0.569,-7.393,0.619,0.0367,2.64e-05
144,2pdIJF8xM2w7CMutdAKQWV,Still,Brian McKnight,259.066,52,132.023,0.153,4,0.361,0,0.0919,0.418,-8.963,0.705,0.0298,6.86e-06
145,1X0wWku7IuTkt4pJPz5lX3,Leave You,Tyron Hapi,148.317,0,122.982,0.391,4,0.599,11,0.107,0.538,-10.324,0.812,0.13,6.73e-05
146,0StGpPdRYxxGlhmJIrUzkt,All We Are,Richello,120.964,63,125.095,0.483,4,0.0505,7,0.118,0.874,-4.153,0.627,0.0432,0.0
147,6dpIXt8ZW1T6imnLNs3JuB,You&I - 网剧《摩天大楼》主题曲,Aila Gato,220.544,36,135.017,0.187,4,0.69,7,0.126,0.463,-7.466,0.443,0.0337,5.33e-06
148,62fXwOTzc71wLw5sB0EDiR,HELL,G.E.M.,248.285,44,167.917,0.233,4,0.0817,4,0.0908,0.646,-6.233,0.559,0.0392,0.0004
149,47vLcdGeJc600HyFkyTZOV,Forgotten Heroes,3rd Silhouette,167.872,30,124.871,0.263,5,0.153,0,0.282,0.37,-14.085,0.599,0.0783,0.0
150,5OTsspiqZPQPPuouZtjykB,Better Man,Westlife,197.013,53,74.855,0.584,4,0.415,11,0.1,0.636,-3.846,0.616,0.0394,0.0
151,7B4iGeydR2QcAW6KliKNee,Umbrella,Paul Wallen,234.193,37,81.932,0.289,4,0.195,1,0.1,0.785,-6.727,0.517,0.13,0.0107
152,6LEwtu3BjgNzjx3k3qCrXp,Be Alright,J.Boss,207.542,0,105.026,0.558,4,0.468,10,0.209,0.764,-4.307,0.694,0.0308,0.0
153,54OyMf9WrMvrkAlZ3t0AMs,Slow Down,Madnap,203.265,49,97.975,0.105,4,0.584,11,0.1,0.785,-3.955,0.745,0.0479,0.0756
154,1EVz2FU5TC4vuYw2S1U4GA,Light the Night,Mauve,164.347,47,114.979,0.128,4,0.223,8,0.402,0.7,-9.535,0.65,0.0383,0.000273
155,0OjgKMqkyn7pYSQniyUmVU,Still I Fly,Kurt Hugo Schneider,229.5,34,124.946,0.115,4,0.027,1,0.1,0.666,-6.724,0.571,0.0343,0.0
156,3bFMYgcEw3vneqFQOXkaJH,Can’t Wait For You,Deanz,215.791,43,123.99,0.316,4,0.139,0,0.157,0.655,-7.843,0.622,0.0337,0.0
157,2Z2LGhDRxuPaKgN6f7ENgN,Forget It,BoTalks,240.3,6,78.432,0.439,4,0.163,0,0.395,0.701,-6.067,0.524,0.147,0.0
158,3XNs114o5GdYkgNaBwkFPs,"Wake Up (High School Diary, Pt. 2)",Ana Luna,258.506,40,129.767,0.458,4,0.878,9,0.087,0.23,-13.134,0.645,0.0684,0.0
159,7rYGuOLjK3aiNNF21RoCth,Bleeding Love,ISA,200.0,12,119.879,0.27,4,0.0776,0,0.353,0.47,-8.905,0.756,0.0603,0.0
160,3tuYdyfbhxhOBke6fmfqBG,Bring Me Back - Acoustic,Miles Away,214.285,31,139.695,0.319,4,0.923,8,0.0722,0.211,-6.75,0.718,0.0375,0.0
161,3JvKfv6T31zO0ini8iNItO,Another Love,Tom Odell,244.36,92,122.769,0.131,4,0.695,4,0.0944,0.537,-8.532,0.445,0.04,1.65e-05
162,1PSlaEGePVCrFzrO7WXoLR,Apollo (feat. Cenji & Juu),Pure 100%,197.409,43,100.007,0.343,4,0.251,0,0.103,0.808,-2.406,0.559,0.0435,0.0
163,6GWRcf3yBx3Y7pSScXoxGk,Way Back Home,VIZE,175.96,50,126.999,0.479,4,0.207,5,0.0802,0.726,-4.705,0.661,0.13,0.0
164,7tsSiLdnuMpE9x9IL5VRiX,Like That - Acoustic,Disero,231.931,33,89.866,0.492,4,0.839,10,0.119,0.231,-13.931,0.554,0.0329,0.0
165,2KF8XEl3rT1UuOjnwPQlHX,I Want You to Stay,Victor Lundberg,196.678,42,99.889,0.28,4,0.882,0,0.146,0.271,-13.191,0.541,0.0269,6.9e-05
166,23EquxExXkNmGCCY96P0Iu,Hailey,Justin Bieber,193.354,68,100.042,0.254,4,0.0367,0,0.0795,0.745,-6.588,0.462,0.0699,0.0
167,1W736gzUlOsk3NIjho5Pib,Breaking,HIGHST,133.804,36,120.953,0.604,4,0.506,2,0.0822,0.644,-5.949,0.679,0.0378,0.0
168,2RRD1i8bCmqFb8kbkgDWPX,Don't Give Up On Me,Hot Shade,198.965,52,102.962,0.575,4,0.312,2,0.124,0.733,-4.752,0.654,0.0269,2.33e-06
169,2uDyv5rw4333xY5obTeByt,Somebody Like U,Alan Walker,191.098,12,124.957,0.207,4,0.156,9,0.177,0.691,-6.497,0.616,0.0621,0.0
170,0CNKUgJp7ohOrKV5pAr6d1,Remind Me,Annette Lee,273.066,28,100.033,0.173,4,0.251,7,0.262,0.662,-5.321,0.508,0.0266,0.0
171,074LJ7CyMB1fWXK2Ka2mzQ,"Blindspot, Pt. 2",NURKO,268.444,9,134.801,0.125,4,0.356,4,0.147,0.668,-5.243,0.455,0.0429,0.0
172,0rY4VH4Gztiwi6uLGaQcdP,Midnight Sun,Matoma,198.125,49,119.854,0.451,4,0.0364,11,0.205,0.823,-5.625,0.59,0.041,0.0
173,45OfR7ugJMgbFDuNOVpIq3,Party on the West Coast (feat. Snoop Dogg),Matoma,233.076,54,103.951,0.404,4,0.0448,1,0.119,0.795,-5.089,0.635,0.0917,1.48e-05
174,04wmRKlU8lSjmYql1mt052,Keeping Everything Inside,Sophie Pecora,178.105,58,94.321,0.43,4,0.613,6,0.103,0.522,-7.699,0.561,0.108,0.0
175,67lbzVADsqJJ6tyVk0XCgn,Chain My Heart,Topic,146.88,69,123.992,0.722,4,0.0791,11,0.192,0.849,-4.462,0.663,0.0334,1.2e-06
176,793OuR8rJ0zpVp708ONAxO,Summer Feeling,Matoma,180.6,66,124.924,0.539,4,0.0256,10,0.129,0.702,-7.833,0.651,0.0876,4.87e-05
177,0QyQawqfiFhgrQ2rD9U2fN,Falling Down,Wild Cards,207.272,44,142.917,0.136,4,0.04,2,0.37,0.867,-2.441,0.523,0.043,4.16e-06
178,5KnvOIDN3m5e7A09oa578x,When I'm Gone,Julia Bergwall,192.472,38,92.045,0.283,4,0.315,11,0.141,0.642,-5.696,0.576,0.0434,0.0
179,2ez6qvOTHKeI3ss80NGqnI,Trampoline (with ZAYN),SHAED,184.28,69,126.803,0.498,4,0.56,7,0.137,0.459,-5.782,0.619,0.0334,0.0
180,2KnLkZ3z7PO3kgVGHGqDpD,It'll Be Okay,Shawn Mendes,222.8,77,78.262,0.0666,4,0.616,7,0.0912,0.286,-11.881,0.398,0.033,0.000146
181,2M4MsNop9n0G9HLskcv0k8,So Sick,Jubël,177.634,63,99.86,0.298,4,0.294,3,0.138,0.75,-6.636,0.575,0.0589,0.0
182,4SwZGwJIUM1l3o4ExTxWt1,I Wish You Were Mine,Loving Caliber,227.259,58,151.56,0.316,3,0.477,11,0.126,0.389,-7.411,0.535,0.0275,0.0
183,3uHRN9pGmNPI1ftbmk35Qu,Colder,Nina Nesbitt,188.493,49,97.488,0.734,4,0.182,11,0.0666,0.493,-7.718,0.719,0.0351,0.0
184,6Q9rogwuZ8rQNMYUYFCx2I,Bleed Out,Isak Danielson,206.301,47,72.992,0.145,4,0.186,0,0.111,0.473,-9.427,0.482,0.034,4.35e-05
185,5TsrhifqosHBOAiqPYBXgZ,Numb,Declan J Donovan,211.761,8,134.999,0.26,4,0.106,0,0.178,0.667,-5.445,0.605,0.0279,0.0
186,3kywzyEr7V106Un5cDyh12,Older,Sasha Alex Sloan,184.892,63,63.762,0.166,4,0.732,11,0.116,0.298,-9.539,0.628,0.0713,0.0
187,5tqNWWiySiABLrGAvSWsO5,Is It Just Me? (feat. Charlie Puth),Sasha Alex Sloan,154.274,65,94.978,0.203,4,0.699,2,0.363,0.363,-10.837,0.682,0.0261,3e-05
188,6k5fCidQ8sHdyBn8PTOmJQ,Young,Giulio Cercato,157.0,28,91.962,0.583,4,0.433,0,0.0996,0.769,-6.997,0.595,0.0323,0.0203
189,64fBqVq2bnTw6uD71fmaPO,A Thousand Scars - Radio Edit,D-Mind,178.195,40,150.071,0.12,4,0.0064,11,0.563,0.824,-4.507,0.432,0.0318,1.79e-05
190,2FL4xZLc8EyQtKHfCCvSWB,On My Mind,Deeplace,138.285,50,105.019,0.377,4,0.384,11,0.384,0.415,-14.195,0.619,0.061,0.000517
191,1UrUk4y32gEbnLgW7a8hhX,Sorbet,Nevertown,155.428,29,104.827,0.302,4,0.15,1,0.564,0.356,-14.111,0.588,0.0348,0.000647
192,5Jp5ueVGu6zxsHJIkS9hXJ,Tranquility,Jam Patong,117.0,45,104.982,0.248,4,0.932,3,0.105,0.232,-19.676,0.599,0.0295,0.936
193,3uUuGVFu1V7jTQL60S1r8z,Where Are You Now,Lost Frequencies,148.197,87,120.966,0.262,4,0.515,6,0.172,0.636,-8.117,0.671,0.103,0.000411
194,6YUTL4dYpB9xZO5qExPf05,Summer,Calvin Harris,222.533,83,127.949,0.743,4,0.0211,4,0.141,0.856,-3.556,0.596,0.0346,0.0178
195,0iVkWge9ytV4Scgy2hQ2za,Hurricane,Ofenbach,147.139,68,125.947,0.461,4,0.225,2,0.177,0.851,-2.851,0.56,0.0486,2.9e-06
196,4q6dqyGM25sKFU8nYAGRe4,Show Me (feat. Chris Brown),Kid Ink,217.8,71,98.098,0.663,4,0.0355,7,0.141,0.508,-7.299,0.711,0.0502,0.0
197,1MtUq6Wp1eQ8PC6BbPCj8P,I Took A Pill In Ibiza - Seeb Remix,Mike Posner,197.933,73,101.969,0.71,4,0.0353,7,0.0843,0.714,-6.645,0.664,0.111,8.42e-06
198,762UXiwEHYY97VL45sAUPR,2U,David Guetta,194.906,62,144.875,0.562,4,0.225,8,0.224,0.651,-5.828,0.551,0.0594,0.0
199,58wyJLv6yH1La9NIZPl3ne,Can We Kiss Forever?,Kina,187.931,76,109.986,0.124,4,0.894,4,0.0941,0.128,-18.717,0.522,0.0357,0.026
200,0AS63m1wHv9n4VVRizK6Hc,Mercy,Shawn Mendes,208.733,82,148.128,0.356,4,0.125,11,0.111,0.662,-4.952,0.555,0.0827,0.0
201,04so2YoeEkrKTfmgoYRmvw,Lying We're Fine,Leonell Cassio,178.834,29,102.006,0.245,4,0.0583,6,0.206,0.525,-6.762,0.644,0.0298,1.03e-06
202,2dNoDE1bHUTq4a3fSQ9RE6,Turn This Ship Around,Hallman,223.046,36,96.055,0.422,4,0.113,10,0.0993,0.871,-4.285,0.655,0.0505,0.0
203,6dzyIO2KpLofsypXbLGOWw,All For Love - Luca Schreiner Remix,Tungevaag,178.56,53,125.045,0.358,4,0.00801,7,0.0603,0.718,-6.536,0.655,0.0518,0.0
204,4F2OxwQFkM7rFhwuz4akT9,I Don't Want to Lose You,Luca Fogale,171.013,2,137.51,0.325,4,0.5,11,0.11,0.319,-10.438,0.462,0.037,0.0
205,40EB7ABUO6MoWMUwPKptJ7,Let It Go,James Bay,260.533,68,147.464,0.246,4,0.818,1,0.107,0.311,-10.396,0.546,0.0288,1.65e-05
206,14chIDxPSDwgCar2qs2Dyk,Chasing Cars,Josh Le Tissier,219.375,39,128.011,0.175,4,0.0212,3,0.141,0.844,-6.049,0.456,0.0392,0.0
207,0sdUx3JFH64X5uoCwanJ2D,Quiet,Btwn Us,161.827,42,140.038,0.372,4,0.0878,11,0.115,0.561,-6.445,0.629,0.042,0.0
208,7mfJk96oMDF1pUUdwC8aEm,Can You Hear Me,Jeff Riv3r & Mike F,186.353,52,103.077,0.129,4,0.0922,10,0.072,0.782,-6.231,0.498,0.0783,0.0
209,5W8HXMOMLtXLz0RGKUtnlZ,"Last One Standing (feat. Polo G, Mozzy & Eminem) - From Venom: Let There Be Carnage",Skylar Grey,257.368,71,154.924,0.233,4,0.237,1,0.0798,0.692,-4.128,0.664,0.127,0.0
210,59VDjcpB2I8psQasslQpdK,Don't Leave Me Now,Lost Frequencies,195.079,57,124.998,0.717,4,0.0258,6,0.112,0.752,-6.806,0.671,0.0304,0.0
211,3LbwR2WcofkDBp4LSgGJh1,Loved You Once,Clara Mae,148.603,52,77.724,0.307,3,0.655,4,0.157,0.436,-5.988,0.444,0.042,0.0
212,2wVQcA1YCuGL6EW0QbgVoV,Everything But You (feat. A7S),Clean Bandit,198.014,67,124.977,0.471,4,0.031,6,0.0951,0.764,-5.301,0.679,0.0391,9.05e-06
213,1bgKMxPQU7JIZEhNsM1vFs,Words (feat. Zara Larsson),Alesso,142.677,82,124.026,0.444,4,0.0245,10,0.308,0.586,-5.079,0.739,0.0472,0.000252
214,2f4QSMh2MHTkCfS45i1Vx2,Second Sight - Acoustic Version,Victoria Voss,210.681,49,129.282,0.46,4,0.898,7,0.0498,0.245,-10.624,0.536,0.042,6.73e-06
215,0FRBToHz6nkJTk2MqVAnX9,Overpass Graffiti,Ed Sheeran,236.906,42,175.908,0.774,4,0.00253,9,0.119,0.849,-3.794,0.52,0.186,0.0
216,5hyNzOLHCyYjvrIVIIVIWI,Afterglow,Ed Sheeran,185.486,56,110.184,0.273,4,0.698,11,0.328,0.324,-5.851,0.641,0.0299,0.0
217,362gtoLRmu1RfqolIFxXcL,Collide,Ed Sheeran,210.213,40,123.969,0.559,4,0.113,5,0.0612,0.73,-4.77,0.672,0.0372,0.0
218,5DXKvETa1xppOmd4CDxs9S,One Life,Ed Sheeran,231.546,65,159.978,0.425,4,0.114,6,0.122,0.593,-7.225,0.573,0.0299,2.65e-06
219,1qRgEKIeSrMcS62Ji4g8VT,Sad Boy (feat. Ava Max & Kylie Cantrall),R3HAB,141.204,61,102.996,0.524,4,0.0675,1,0.088,0.692,-5.971,0.717,0.0723,0.0
220,5wbrX8xNwkrNdXf6lBWvP0,Back to Beautiful,Sofia Carson,202.975,54,95.921,0.56,4,0.314,6,0.336,0.7,-5.601,0.603,0.054,0.0
221,1LEy7NUZqXHuc9SE5Xgv5A,Borrow Your Time,Fly By Midnight,209.67,42,91.031,0.62,4,0.254,11,0.0941,0.769,-6.754,0.594,0.0413,0.000189
222,20MQjpCgRMWM6NzHVDG5CX,Without You - Acoustic,John Newman,200.401,39,106.995,0.415,4,0.877,3,0.0617,0.329,-7.217,0.698,0.0349,0.0
223,1xAlVaQvxeKKRH4l7bJT51,Reach Out To Me - Sadege Chill Out Remix,Cathy Burton,240.004,32,136.019,0.127,4,0.753,8,0.104,0.453,-8.572,0.573,0.0289,0.000844
224,7CFNQwhPV1Jg9L6PmMzFNS,No Sleep,Landon Austin,216.315,28,133.105,0.232,4,0.68,1,0.0954,0.364,-9.689,0.604,0.0287,2.48e-05
225,4lIxdJw6W3Fg4vUIYCB0S5,Style,Taylor Swift,231.0,79,95.019,0.456,4,0.00253,2,0.117,0.786,-5.572,0.598,0.0383,0.0016
226,5rxT1ueHIJum2Ond5yOe1N,Diamonds - Joel Corry Remix,Sam Smith,195.594,50,123.994,0.447,4,0.1,10,0.101,0.809,-5.506,0.734,0.116,3.46e-05
227,6XiP2fehIzxaAPzevd1eqM,在你的身邊,盛哲,262.251,55,80.975,0.32,4,0.0822,7,0.0938,0.503,-8.525,0.613,0.033,1.67e-06
228,2H2YcBAqxRFqesurvr6M81,Back To You - Acoustic Version,Envine,200.483,25,149.973,0.327,4,0.966,3,0.136,0.408,-7.918,0.578,0.0348,2.8e-05
229,3uWhOkYHM43NP43NyLqtBS,Coldest Winter,Matt Cab,228.226,25,155.928,0.322,4,0.692,3,0.15,0.621,-8.111,0.569,0.0518,2.03e-05
230,4F3YStafCTzjsxHQwPcKYz,good girl,Tielle,227.379,37,132.064,0.427,4,0.628,7,0.145,0.51,-8.806,0.617,0.0311,0.0
231,46lnFgtIDAvyQDI9aC66AR,See You Again,Pseudo,240.004,35,183.297,0.245,4,0.855,9,0.135,0.32,-9.794,0.203,0.0353,0.0
232,4S2qrsdY4BF0T5UFQLtqoU,Boom Boom Pow,Zafrir,185.413,58,102.015,0.514,4,0.101,1,0.0875,0.897,-2.648,0.787,0.0899,0.0196
233,0F9fZwEu2cWSgqoRWzAtAS,Live For,ARTY,171.433,58,126.007,0.369,4,0.224,0,0.134,0.91,-3.226,0.552,0.0385,1.39e-05
234,4deWlPS9a4WH2UmdvsamrB,Alive (with Calle Lehmann),Gryffin,222.83,54,124.962,0.44,4,0.00527,0,0.104,0.869,-3.966,0.627,0.0335,5.3e-05
235,4ntwMws17qmbQUI1NemGqd,Seven Nation Army,DJ Fluke,156.309,69,125.97,0.276,4,0.00694,4,0.0885,0.832,-4.248,0.689,0.0443,0.11
236,0mVFy43KgP02mRSkjvgedq,Una Mattina - Intouchables Movie Theme Album Version,Ludovico Einaudi,401.359,17,146.017,0.137,4,0.989,9,0.1,0.093,-20.91,0.327,0.0401,0.872
237,0LKC3qHZMz7EiqzLUpmglZ,Intro,Mogli,105.95,50,203.85,0.0386,4,0.906,9,0.297,0.122,-16.38,0.379,0.0307,0.0129
238,7BUjnisMmZJQP30tLA25DD,What Are We Waiting For (feat. Ellise),VAX,161.349,51,139.966,0.205,4,0.354,4,0.131,0.608,-8.494,0.622,0.0597,0.0
239,6FSOibqLCbhFrmGdqMbwiZ,Letting Go,Tanya Chua,263.453,65,136.095,0.408,4,0.154,11,0.0938,0.702,-6.327,0.536,0.0285,1.61e-06
240,1B1sizbg5kLOx5OAWOkBOc,Wild Side,Roberto Cacciapaglia,232.226,0,161.159,0.0778,3,0.971,11,0.118,0.195,-15.121,0.264,0.0349,0.884
241,1T1u3QgOTNb8KaKOpY8xmU,Right Here Waiting (Acoustic),Jada Facer,243.452,22,173.509,0.4,4,0.911,3,0.106,0.243,-11.878,0.531,0.0348,1.1e-06
242,4xi2dFYQr0PKb4YQuNBc8d,Oceans,Paradise & Grace,245.606,34,127.931,0.329,4,0.0429,2,0.544,0.829,-3.481,0.429,0.0419,0.0
243,5NQKpa6uCqZcaFkAbUK4XB,Oceans & Galaxies,Jauz,200.547,52,145.857,0.297,4,0.12,1,0.103,0.625,-7.472,0.532,0.0506,3.35e-05
244,0ZMlaztZIwzFmz1t1r4D7u,Oceans,Kenna Childs,281.726,59,138.147,0.197,4,0.966,2,0.118,0.12,-11.566,0.478,0.0412,3.2e-06
245,5fWG4JDot8nHCte7gUdMUS,Pepas - David Guetta Remix - Radio Edit,Farruko,171.784,65,126.967,0.098,4,0.0122,7,0.265,0.952,-4.85,0.632,0.0527,0.0119
246,2qxmye6gAegTMjLKEBoR3d,Let Me Down Slowly,Alec Benjamin,169.353,85,150.073,0.483,4,0.74,1,0.124,0.557,-5.714,0.652,0.0318,0.0
247,58cn4PNQnZ1WAQqDdDvIcr,Tree of Life Suite: Wild Side,Roberto Cacciapaglia,177.5,0,85.275,0.278,5,0.865,11,0.105,0.41,-8.877,0.116,0.032,0.958
248,4TntitqQYWyRoIc7WuvESy,Arrival of the Birds,Jacob's Piano,160.246,50,126.226,0.102,3,0.901,3,0.0898,0.2,-17.189,0.2,0.0397,0.825
249,7eJMfftS33KTjuF7lTsMCx,death bed (coffee for your head),Powfu,173.333,83,144.026,0.348,4,0.731,8,0.696,0.431,-8.765,0.726,0.135,0.0
250,5TIXBnwtMYwgC9yc1QjFp7,Better,Parachute,273.026,41,108.89,0.213,5,0.793,8,0.102,0.249,-10.108,0.515,0.044,0.0
251,74Iek9QLydiQPtGcnHqHe8,Wildfire,Fairlane,217.263,0,95.019,0.295,4,0.301,11,0.157,0.67,-6.802,0.595,0.0359,0.0
252,3g4Xxb6z6skZKvCbncia6y,Closer Than You,William Black,219.2,0,149.916,0.227,4,0.098,10,0.112,0.505,-6.428,0.501,0.0284,0.0
253,5gvEyl4OLhD6kJ3aZ43sd3,Heaven,James Carter,124.655,63,115.993,0.675,4,0.0201,11,0.132,0.849,-6.071,0.737,0.035,7.21e-05
254,21UciS9u65KNCmrNXAToxK,Deep End,William Black,208.421,0,114.028,0.215,4,0.0991,5,0.119,0.706,-5.989,0.63,0.0289,0.0
255,6S2MDC31VIH79OwGU87L0s,Remember the Summer (feat. Karra),Ummet Ozcan,170.624,53,128.04,0.146,4,0.014,0,0.121,0.83,-5.984,0.563,0.0339,8.16e-05
256,4qu63nuBpdn0qHUHuObEj1,Leave Before You Love Me (with Jonas Brothers),Marshmello,154.983,84,119.976,0.637,4,0.00226,7,0.118,0.738,-4.77,0.721,0.0403,4.41e-06
257,3eJH2nAjvNXdmPfBkALiPZ,Acapulco,Jason Derulo,139.672,80,122.062,0.507,4,0.051,10,0.155,0.792,-4.021,0.774,0.0523,0.0
258,2prnn41CblB8B4yWACDljP,Love Tonight (David Guetta Remix Edit),Shouse,158.095,80,126.002,0.0348,4,0.015,10,0.184,0.989,-4.225,0.621,0.0434,0.357
259,5WyD2lZhEeTNg91oEF0TYK,Blue (Da Ba Dee),MELON,132.479,64,124.975,0.323,4,0.0938,1,0.097,0.871,-4.267,0.772,0.0389,0.248
260,5uEYRdEIh9Bo4fpjDd4Na9,Goosebumps - Remix,Travis Scott,162.802,80,124.917,0.808,4,0.418,1,0.124,0.593,-7.846,0.841,0.0379,0.0
261,5rb9QrpfcKFHM1EUbSIurX,Yeah! (feat. Lil Jon & Ludacris),Usher,250.373,83,105.018,0.583,4,0.0183,2,0.0388,0.791,-4.699,0.894,0.112,0.0
262,6cx06DFPPHchuUAcTxznu9,Head & Heart (feat. MNEK),Joel Corry,166.028,80,122.953,0.905,4,0.168,8,0.0489,0.874,-3.158,0.734,0.0662,1.14e-05
263,2s5YN9O8Qv25BjQobPHWVZ,Like A G6,Far East Movement,219.306,0,124.93,0.696,4,0.00618,7,0.322,0.862,-7.005,0.431,0.428,0.0
264,3ohxPqZyB74W6ZWFHJdTWk,Stay With You - 英文版,JJ Lin,207.76,8,170.841,0.425,5,0.86,7,0.121,0.302,-7.874,0.308,0.0343,0.0
265,2DLqygtisuvhIUeV3aKJSe,Dive With Me (feat. Cathrine Lassen),LVNDSCAPE,220.432,50,97.005,0.447,4,0.341,2,0.23,0.541,-5.909,0.68,0.032,1.02e-06
266,0ct6r3EGTcMLPtrXHDvVjc,The Nights,Avicii,176.658,87,125.983,0.654,4,0.0166,6,0.249,0.835,-5.298,0.527,0.0433,0.0
267,0ujT2z8Pz9Z4PPdLSYsuw1,Need You,Horizon Blue,139.636,65,110.095,0.153,4,0.732,7,0.117,0.647,-8.039,0.704,0.0849,0.000197
268,5mG9iopQWcGtc3SnrV3dA5,Dance Again,Anthony Keyrouz,152.459,56,122.039,0.313,4,0.102,9,0.151,0.67,-6.446,0.726,0.18,5.73e-06
269,2LBhwMS0iYId8BWfNIiOuG,Pieces,Rob Thomas,260.839,52,108.098,0.432,4,0.92,5,0.124,0.289,-9.83,0.551,0.0268,0.00011
270,3LkdTjyywksp2Zr1yqJS6d,Coming Home,Dimitri Vangelis & Wyman,207.998,55,127.964,0.427,4,0.0205,2,0.119,0.921,-4.199,0.614,0.0625,9.67e-06
271,4QwNKEWMM7dyLB7Ew9DHHg,Lonely Together - (feat. Rita Ora) Alan Walker Remix,Avicii,179.76,62,103.051,0.43,4,0.29,5,0.229,0.791,-5.831,0.637,0.0469,0.0
272,1gEK5unpcVyBc90uJRBtY6,Miracle,Julian Perretta,161.853,48,123.895,0.359,4,0.36,7,0.214,0.554,-7.643,0.683,0.0928,1.08e-06
273,3LEgGAl9zLcQWGTp7ptqtQ,Don’t Wake Me Up,Jonas Blue,188.894,75,124.015,0.426,4,0.222,11,0.147,0.747,-5.084,0.621,0.0337,0.000194
274,0kAsPrQQS9VhYBHPmcHboA,Stay Forever (feat. Su),Naikee,308.292,0,122.96,0.206,4,0.178,0,0.102,0.667,-8.144,0.59,0.0577,0.000993
275,1N0vwih6TUIb9kYtynvlRc,"Someday, The Boy",Kim Feel,287.813,56,131.357,0.0874,4,0.752,5,0.107,0.314,-7.484,0.297,0.0315,0.0
276,5qfZRNjt2TkHEL12r3sDEU,Everglow,Coldplay,282.693,69,146.107,0.136,4,0.456,4,0.112,0.445,-9.155,0.534,0.0292,0.0684
277,34JDLgh8ajX7VMIZOJRrNq,The Nights - Acoustic,VL4S,177.147,29,125.828,0.136,4,0.266,6,0.0631,0.334,-11.002,0.577,0.0331,0.0
278,7Il2yWQmsqKgSkLQvHTPUI,Tequila,Dan + Shay,195.986,63,86.131,0.503,4,0.0292,11,0.133,0.594,-5.756,0.474,0.0289,0.0
279,0PybDe8JdwKYskK3mThLxx,Say Hello To Goodbye,Shontelle,232.24,0,80.753,0.153,4,0.0375,1,0.0949,0.603,-4.451,0.44,0.0267,0.0
280,4pgX15KGFNTHQFZg7GL3n8,Into You - Acoustic Version,Matisse & Sadko,176.917,44,145.786,0.228,4,0.865,8,0.293,0.26,-9.568,0.467,0.0284,0.0
281,4E93IPDPbaNJUDTpur3V63,I Still Do,Mokita,202.023,55,79.245,0.393,4,0.193,4,0.209,0.489,-11.155,0.538,0.0523,8.88e-05
282,1OEKNjrCnModm8cHJ7hRXc,In the Stars (feat. Kiiara),ONE OK ROCK,203.706,43,79.032,0.262,4,0.467,0,0.086,0.796,-4.078,0.638,0.0397,0.0
283,1puWjVZrdvVGsR6RFz14Ca,Broken Heart of Gold,ONE OK ROCK,253.487,46,85.683,0.119,4,0.0822,10,0.0785,0.712,-5.435,0.451,0.0333,0.0
284,0h4nTNCdT2ne5A5LjLpe6N,Hurricane (feat. HON & SMBDY) - 4AM Drive Mix,BUNT.,239.993,19,109.193,0.349,4,0.0207,11,0.21,0.726,-6.209,0.342,0.0791,0.0
285,6Lr9Orx9Szmf0y4QRmOpZm,That's Why I Like You,Eric Chou,213.148,50,115.007,0.151,4,0.173,10,0.23,0.575,-8.212,0.708,0.0314,0.0
286,4hpL0HZn2NM4kq4YIh5411,不可言說 - 電視劇《我家浴缸的二三事》插曲,Boon Hui Lu,201.173,23,199.58,0.155,4,0.329,8,0.0633,0.502,-5.993,0.304,0.0345,0.0
287,2H2ahEFSNOAKgWLGTlGvCw,Say We're Sorry,Loving Caliber,203.63,45,130.008,0.401,4,0.226,8,0.09,0.635,-5.916,0.624,0.0426,0.0
288,2c2O7ChAwj2jioNr1yDOH1,What If I,Candelion,185.578,31,127.128,0.529,3,0.589,7,0.104,0.281,-12.869,0.447,0.0398,1.15e-05
289,0pwYLVXVknPSGUQb39cePC,As Long As You Love Me,Justin Bieber,229.466,68,139.691,0.613,4,0.0811,0,0.361,0.873,-3.382,0.571,0.1,0.0
290,0ccwMrlZONy5yXrirq7lTe,La Da Dee,Cody Simpson,196.786,67,115.954,0.566,4,0.00847,5,0.326,0.828,-5.544,0.657,0.0728,0.0
291,7C9SonafFzEtoheAQDQ2UW,New Memories,DubVision,194.655,48,126.951,0.254,4,0.0229,11,0.115,0.824,-3.774,0.58,0.0766,0.0
292,190jyVPHYjAqEaOGmMzdyk,Beauty And A Beat,Justin Bieber,227.986,77,128.003,0.526,4,0.000688,0,0.0682,0.843,-4.831,0.602,0.0593,5.27e-05
293,768eZ69L0HODV9UlcriGaq,All My Days,Forester,224.637,53,124.0,0.137,4,0.169,11,0.104,0.767,-6.888,0.575,0.0554,0.0011
294,73SpzrcaHk0RQPFP73vqVR,No Time To Die,Billie Eilish,242.265,77,73.537,0.0517,4,0.917,4,0.0827,0.219,-13.273,0.38,0.0358,0.0104
295,74vs7PD7iG2GnWUGnb8Yuq,Middle Of The Night,The Vamps,174.6,59,130.093,0.397,4,0.0037,11,0.0813,0.749,-4.323,0.588,0.058,0.0
296,1sioMldckX4vTYI6bISt5v,Beautiful Saga,Vories,194.871,0,125.979,0.35,4,0.0163,11,0.192,0.724,-9.265,0.531,0.0972,1.68e-06
297,76kkAnqj73aaP5xkrfpWb4,When In Rome - Mark Sixma Remix,GATTÜSO,189.843,47,127.953,0.576,4,0.00524,11,0.127,0.854,-5.118,0.61,0.0928,1.25e-06
298,6vCeq5sBch92gR9emHLQIE,end of days,Gareth Emery,205.187,41,104.684,0.173,4,0.122,1,0.155,0.649,-12.637,0.506,0.0653,0.00374
299,1RSBK5VWdjPjHEmRhAkS4Q,Sacrifice,Bebe Rexha,160.871,61,119.992,0.471,4,0.0878,11,0.094,0.877,-5.089,0.659,0.0288,0.0
300,1vWtTis3VRkkUp8qST4jY5,Dance For Me Wallis,Abel Korzeniowski,188.346,58,86.043,0.16,4,0.889,7,0.147,0.357,-14.694,0.397,0.0313,0.907
301,48QmG1dfvMuYLxMPt7KSRA,No Lie,Sean Paul,221.176,83,102.04,0.463,4,0.0466,7,0.206,0.882,-2.862,0.742,0.117,0.0
302,7q72Jlkb6aLMfRRGzDMRn6,Saving Me,Marin Hoxha,190.047,36,114.988,0.419,4,0.329,2,0.0794,0.868,-4.619,0.667,0.0341,1.01e-05
303,4fFJ5C8gw40JcL94XypCoK,All Or Nothing,Lost Frequencies,157.493,25,125.975,0.193,4,0.246,11,0.107,0.776,-6.864,0.774,0.0429,0.0286
304,2T6NIHrMFloCaF8mSHUt0V,No Way,JRL,187.45,45,104.895,0.256,4,0.0433,9,0.109,0.662,-6.615,0.624,0.0284,5.24e-05
305,3NuLxTXowTRcguTh9RsPmM,The Joker And The Queen,Ed Sheeran,185.586,60,134.019,0.289,4,0.952,0,0.275,0.211,-9.975,0.567,0.0315,5.24e-05
306,0prNGof3XqfTvNDxHonvdK,Scars To Your Beautiful,Alessia Cara,230.226,4,97.085,0.451,4,0.0285,0,0.111,0.739,-5.74,0.573,0.129,0.0
307,5S09u7HLG7mNfkchjnc5uz,Playground (from the series Arcane League of Legends),Bea Miller,230.525,0,157.399,0.356,4,0.0107,8,0.13,0.703,-6.859,0.514,0.0298,7.62e-05
308,39jXnbACjiaiTwwhsr5sY5,Too Much To Ask,Niall Horan,223.043,70,77.344,0.201,4,0.371,0,0.128,0.533,-6.548,0.443,0.0396,0.0
309,77rlwv75irCcg50920G04u,Apologize,Timbaland,185.013,52,117.999,0.0993,4,0.0371,8,0.0888,0.584,-6.034,0.656,0.0297,0.0
310,1yvMUkIOTeUNtNWlWRgANS,Unstoppable,Sia,217.746,83,173.799,0.26,4,0.112,9,0.101,0.779,-4.839,0.468,0.0779,0.000373
311,4A7EkKijzA4ryEoCRWJzdG,I'll Never Love Again - Film Version,Lady Gaga,281.066,71,110.502,0.221,4,0.763,7,0.135,0.34,-7.466,0.451,0.031,2.49e-06
312,6I3mqTwhRpn34SLVafSH7G,Ghost,Justin Bieber,153.19,88,153.96,0.441,4,0.185,2,0.415,0.741,-5.569,0.601,0.0478,2.91e-05
313,5iyqZ7AbTYyIs3p3uknZK6,"Sleep Well, My Angel",We Are The Fallen,247.306,44,176.202,0.15,4,0.449,2,0.12,0.47,-6.397,0.324,0.0332,4.87e-06
314,7DuvoBK9NBrot0tbdgmKyZ,Gone Away,Noctura,248.106,36,187.799,0.0496,4,0.887,4,0.0889,0.228,-8.127,0.171,0.0317,6.41e-05
315,6byH6lnXKYq7Nsp6uykF4d,We Are the Others - New Ballad Version,Delain,222.2,41,119.992,0.249,4,0.0328,0,0.106,0.571,-6.226,0.509,0.031,0.0
316,0COqiPhxzoWICwFCS4eZcp,Bring Me To Life,Evanescence,235.893,83,94.612,0.296,4,0.00721,4,0.242,0.943,-3.188,0.331,0.0698,2.06e-06
317,4UzVcXufOhGUwF56HT7b8M,My Immortal,Evanescence,262.533,75,79.012,0.101,4,0.863,9,0.134,0.265,-9.206,0.19,0.0356,0.0
318,4MOBPIIRUgHTBAp0NpgLTm,Where Are You Now,Britney Spears,279.386,40,125.616,0.297,4,0.337,9,0.291,0.489,-8.098,0.636,0.0263,0.0
319,3g0mEQx3NTanacLseoP0Gw,Takeaway,The Chainsmokers,209.88,74,100.1,0.351,4,0.126,3,0.101,0.511,-8.144,0.528,0.0324,0.0
320,1s2khOWzC99udpUaPICLJI,There You'll Be - 2007 Remaster,Faith Hill,220.84,54,129.021,0.162,4,0.496,8,0.134,0.532,-7.208,0.325,0.0308,0.0
321,3KHxDmC7CB7DB9ZD0qVv17,Like a Fire,Tim Loren,224.062,4,128.018,0.351,4,0.00952,2,0.18,0.777,-4.782,0.586,0.037,0.0
322,3B1Fl26p4Gxhw8HUhrgr0a,Alone,Tim Loren,222.375,4,128.007,0.0872,4,0.386,8,0.204,0.471,-8.297,0.366,0.0478,0.0
323,6nkH2w3BigKsU7SzGJ3ar6,Rising Sun - Original Mix,Manse,311.25,0,127.995,0.186,4,0.0226,5,0.193,0.873,-5.106,0.518,0.0389,0.000523
324,4ut5G4rgB1ClpMTMfjoIuy,High On Life (feat. Bonn),Martin Garrix,230.761,72,128.038,0.368,4,0.0129,6,0.111,0.486,-6.431,0.414,0.0311,0.0
325,48fPdAwGVoSkGK8GSez9yx,Anything,Alison Wonderland,226.0,54,120.042,0.423,4,0.184,5,0.0583,0.908,-5.014,0.768,0.0486,0.546
326,7InQPsUTb37JuWBaab0ubJ,Broken Colors,BLICK,152.92,13,113.178,0.071,4,0.586,5,0.0918,0.298,-18.332,0.562,0.0627,0.526
327,7EaPPTqtdHbfcX3p5y8w8c,Redo,Novino,140.833,19,108.006,0.438,4,0.424,0,0.0815,0.517,-7.999,0.607,0.0294,0.0
328,2EAtQdFWXFRGFJEjP29cQL,Give Me Your Love - Diviners Remix,James Carter,206.477,0,109.9,0.495,4,0.397,4,0.0684,0.691,-5.654,0.698,0.0394,0.0
329,5GorCbAP4aL0EJ16frG2hd,Boulevard of Broken Dreams,Green Day,262.333,78,167.06,0.474,4,0.00552,8,0.0589,0.682,-4.095,0.496,0.0294,2.94e-05
330,2SWyPUuh4xfYkH7EUH5qgZ,Torn,Paris Blu,122.493,67,101.942,0.372,4,0.419,9,0.108,0.382,-12.62,0.707,0.251,0.0
331,6HTJZ0TQJVMSKkUGzAOe2h,Old Thing Back (feat. Ja Rule and Ralph Tresvant),Matoma,321.649,65,97.033,0.523,4,0.194,0,0.256,0.858,-3.067,0.805,0.105,7.89e-06
332,7uidJM7xBikobIitpHQKZ4,Drive You Home,Jackson Wang,216.163,58,96.024,0.226,4,0.0911,1,0.111,0.694,-6.284,0.653,0.039,0.0
333,5902W4uHWzhtOff1UK7the,When I’m Gone (with Katy Perry),Alesso,161.266,78,125.034,0.615,4,0.028,0,0.481,0.886,-4.179,0.685,0.034,0.0
334,58jecLK0epwMLr9cy5vFUy,Hold You Tonight (with Chris Lane),Gryffin,219.353,55,163.837,0.472,4,0.102,11,0.264,0.795,-3.6,0.467,0.0687,0.0
335,1hZk9dktp4yRFTm0TrycuH,If I Lose Myself - Alesso vs OneRepublic,OneRepublic,214.813,62,125.998,0.164,4,0.219,2,0.133,0.782,-4.846,0.523,0.041,1.03e-05
336,3RLshk3cDQOqWhSIRCVaXL,la di die (feat. jxdn),Nessa Barrett,195.191,68,163.97,0.345,4,0.0036,1,0.243,0.643,-4.72,0.484,0.0416,0.0
337,2W9zh4QNFmuOyKHbtYYNm0,Another Time,TWO LANES,255.789,36,113.997,0.136,4,0.401,7,0.109,0.434,-12.923,0.67,0.046,0.862
338,1ahVFh0ViDZr8LvkEVlq3B,No Sleep (feat. Bonn),Martin Garrix,207.094,64,128.133,0.327,4,0.129,11,0.121,0.635,-6.385,0.44,0.0326,0.0
339,4g8GaMuKrhAHfqkirRk6dh,Fall,Ina,184.854,41,84.346,0.606,4,0.149,8,0.316,0.538,-5.32,0.529,0.0489,0.0
340,4JHtuDdxmu4zEXVoloyD9C,Notes to Heaven,Tim Loren,283.125,28,127.95,0.184,4,0.0753,2,0.116,0.614,-6.776,0.507,0.0422,0.0
341,4R4gOp9ybG85RqbrY7JELc,Feels Like Love (feat. MIYA MIYA),Syn Cole,169.672,62,122.079,0.772,4,0.0696,0,0.0855,0.657,-5.329,0.728,0.042,3.41e-06
342,6wCkXQJlv1Suve036pgxC1,Pictures - Joshua Ellis Remix,SRTW,157.009,36,106.963,0.552,4,0.357,10,0.0677,0.549,-6.673,0.869,0.0578,0.0
343,0FhFZbyZbkUh5uyAKesmDL,Feelings,shy martin,169.768,54,115.993,0.289,4,0.0966,7,0.122,0.615,-8.519,0.734,0.0562,3.15e-06
344,3xMDSbzOh0XHsPH6bQl5BN,Time Will Tell,Mike Perry,148.0,50,120.01,0.38,4,0.006,1,0.247,0.831,-4.939,0.846,0.0439,4.48e-05
345,5a8cdHhMQ6zaQTjiUMFC4N,Remember you were the one,shy martin,172.016,38,159.993,0.586,4,0.221,0,0.108,0.566,-7.198,0.633,0.0316,1.52e-05
346,5vcfdnzelPCIZHg8dOkagP,Nobody Likes Moving On,shy martin,166.646,52,159.812,0.386,4,0.399,11,0.113,0.448,-10.782,0.635,0.089,9.58e-06
347,5NjfO70bhIyNOOFBcXb6ql,On My Mind,Maximillian,174.213,59,98.46,0.555,4,0.03,5,0.491,0.48,-6.762,0.758,0.0601,0.0
348,600yDa5iE2jtej4qIo8ojN,Bad in Common,shy martin,179.278,0,102.084,0.613,4,0.153,5,0.1,0.522,-6.791,0.493,0.153,0.0
349,3h6M4K3mBtb2ywoYhG7954,Wish You Were Here,Vicetone,165.172,59,108.968,0.571,4,0.7,3,0.704,0.563,-5.96,0.675,0.0293,2.63e-06
350,56snZW9rwqvNwyKuFszzmM,Die for You,SRTW,143.954,30,109.973,0.26,4,0.702,2,0.245,0.566,-14.788,0.725,0.0536,0.021
351,0TI86mKDKLU3t5Mc48CBot,Home Alone,Ocean Ave,118.888,30,108.16,0.333,4,0.832,10,0.146,0.345,-11.899,0.588,0.0433,2.95e-06
352,5dy3WUywjZcalTno1io8TQ,Hold Me While You Wait - Steve Void Remix,Lewis Capaldi,172.8,50,124.933,0.468,4,0.104,11,0.33,0.76,-7.037,0.675,0.0434,0.0
353,5YaskwnGDZFDRipaqzbwQx,Your Love (9PM),ATB,150.052,78,125.993,0.517,4,0.194,7,0.115,0.784,-5.603,0.669,0.112,6.28e-06
354,6y6xhAgZjvxy5kR5rigpY3,Chasing Stars (feat. James Bay),Alesso,170.457,67,92.871,0.492,4,0.0169,10,0.135,0.64,-6.865,0.594,0.033,0.0
355,7DnNU5rQLgy4KEYvFMrGgW,This is Us,Jimmie Allen,205.826,54,145.06,0.487,4,0.148,9,0.0609,0.883,-4.092,0.549,0.0344,0.0
356,2nWSkh6mArb2R3d8G7XlKs,Leaving Ground,Luca,126.428,42,111.907,0.109,4,0.689,6,0.114,0.388,-12.235,0.493,0.0442,0.00586
357,03cRcVUXRIIRnb0J3QS88r,Just One Night,POURI X,115.09,29,110.067,0.358,4,0.391,6,0.282,0.489,-10.402,0.617,0.0296,1.43e-06
358,75MNhvTCCKsST3YqqUiU9r,Shivers,Ed Sheeran,207.853,73,141.02,0.822,4,0.281,2,0.0424,0.859,-2.724,0.788,0.0856,0.0
359,1MIlGM2pyNUxzjTG2RgK0C,Hurricane (feat. HON & SMBDY),BUNT.,232.264,41,109.928,0.297,4,0.00638,11,0.118,0.627,-6.59,0.459,0.0322,3.36e-06
360,7lPrG609DAZF6mCf5EjfCa,Hurts Like Hell,Tommee Profitt,232.593,61,129.927,0.0664,3,0.753,9,0.107,0.129,-12.875,0.333,0.0382,9.25e-06
361,3TtYw7YkiO2qDNvhgbG5jQ,Wake Me Up,Tommee Profitt,312.727,48,87.944,0.16,4,0.94,10,0.107,0.215,-11.028,0.308,0.0386,5.46e-06
362,6DDpcemaE4zYhW4QURGDPO,Paris - Acoustic Version,Sofia Karlberg,153.826,47,91.12,0.67,4,0.849,2,0.0996,0.331,-8.245,0.716,0.0464,0.0
363,6ZWr9FsDrgJMc9Z16NL2cI,Take Me to Church,Sofia Karlberg,238.171,43,124.793,0.211,3,0.471,7,0.408,0.405,-7.018,0.467,0.0416,0.0
364,7jOvEsDIjHRH0LwCkwZSHS,Crazy in Love,Sofia Karlberg,190.25,63,120.055,0.316,4,0.519,2,0.157,0.499,-8.73,0.54,0.0544,0.0
365,7jKCAmjP2cAn9WxxIVR14Y,Everything I Need,Skylar Grey,200.563,59,74.98,0.276,4,0.874,2,0.111,0.224,-10.878,0.531,0.0293,0.0
366,0pUSXnkGf2Ot4v2abPbFnG,Everytime We Touch,Antomage,137.482,32,130.875,0.402,4,0.069,7,0.171,0.784,-7.683,0.628,0.324,0.0
367,2XshyXPcxtwvyFMys4JCqQ,Everytime We Touch (Acoustic),Shannon & Keast,181.496,41,100.852,0.203,4,0.879,9,0.109,0.139,-11.316,0.526,0.0325,0.0
368,3kxVcluB9F1EnOsWP6Lexh,Heroes (we could be) - Extended Mix,Alesso,339.08,32,126.0,0.133,4,0.00845,5,0.0511,0.638,-5.9,0.754,0.0542,0.000539
369,3WRQUvzRvBDr4AxMWhXc5E,Sunset Lover,Petit Biscuit,238.906,70,90.853,0.251,4,0.669,6,0.114,0.525,-7.556,0.785,0.042,0.439
370,11pNf8SA2U3PXzLca8BFt6,All Or Nothing (feat. Axel Ehnström),Lost Frequencies,157.493,35,125.971,0.173,4,0.248,11,0.107,0.775,-6.877,0.773,0.0439,0.0278
371,5858Np5aRgMRfKTDYbpess,Talking to the Moon,Madison Kendall,216.581,36,145.952,0.216,4,0.955,1,0.119,0.212,-10.382,0.439,0.0305,0.000111
372,6RnkFd8Fqqgk1Uni8RgqCQ,Like I Do,David Guetta,202.5,65,127.978,0.15,4,0.00664,0,0.37,0.9,-3.719,0.635,0.0377,0.0145
373,1UIM7G3jt9aWZBdjXtYM8f,Hold Me (feat. Pusha T),Janine,248.536,34,118.04,0.207,4,0.502,0,0.128,0.433,-8.549,0.603,0.0455,1.28e-06
374,5T4iqvsqEdJS4WFMmo0CZX,Salvation,Excision,249.863,42,146.03,0.279,4,0.0931,6,0.111,0.863,-2.562,0.377,0.0501,1.17e-06
375,18asYwWugKjjsihZ0YvRxO,The Motto,Tiësto,164.818,84,117.953,0.464,4,0.0301,7,0.0901,0.763,-4.627,0.754,0.0435,2.23e-05
376,27YD36FUikKxbp3bKSiKGZ,First Time (feat. Dylan Matthew),Seven Lions,297.782,58,150.131,0.146,4,0.251,11,0.16,0.677,-5.76,0.422,0.0365,3.55e-06
377,0PMNxtgeNSmPPp4aiA4T8F,Sideways,ILLENIUM,251.83,54,141.926,0.31,4,0.0662,5,0.277,0.792,-3.302,0.474,0.051,1.09e-06
378,76c4KOymiPUkWEeIIc0DQr,Stranger Things (feat. OneRepublic) - Alan Walker Remix,Kygo,178.413,63,106.947,0.729,4,0.146,0,0.217,0.742,-4.624,0.659,0.0283,0.0
379,5Zhm8qMnDwXR3soSSurN8T,Stay Young,Mike Perry,157.004,64,89.988,0.556,4,0.0748,5,0.226,0.711,-4.826,0.576,0.0404,0.0
380,5yId5vztDqFdpYIMkDs4XV,Way Back,Vicetone,208.888,54,108.052,0.454,4,0.247,2,0.0414,0.834,-4.229,0.6,0.0367,0.025
381,02shCNmb6IvgB5jLqKjtkK,Nevada,Vicetone,208.561,71,124.015,0.105,4,0.299,3,0.133,0.783,-4.271,0.605,0.0324,0.000175
382,1FtYN2OwwvNgxfqf5XsD6M,Better Days,Arman Cekin,187.918,63,99.941,0.39,4,0.402,5,0.114,0.461,-10.581,0.703,0.0341,9.75e-05
383,4jp4Z02kzzg8gK0NmDGgml,Play,K-391,167.976,71,101.944,0.168,4,0.101,6,0.0932,0.798,-5.498,0.52,0.0391,0.0
384,0DzPnTBSmVRKBQAmH3EomR,Million Days,SABAI,208.551,63,144.942,0.0816,4,0.27,0,0.14,0.648,-5.456,0.514,0.0482,0.0
385,73eIguwwgu2C7jBz89b7SX,On My Own,Far Out,270.224,0,145.092,0.103,4,0.125,4,0.385,0.779,-2.966,0.403,0.0536,7.62e-05
386,0y45wRBOnGNyrotk7HqWFv,Wonderland,Axel Johansson,215.987,38,176.043,0.352,4,0.264,6,0.143,0.672,-5.541,0.451,0.0963,5.44e-06
387,5F7dkkzWdHWPpn9zOYu8Ng,You Don't Know,Katelyn Tarver,260.851,61,78.076,0.139,4,0.734,1,0.105,0.315,-8.532,0.546,0.0499,1.26e-06
388,2FeYeAGexV851DsHdFsAmo,"Circles (based on Ludovico Einaudi ""Experience"")",Ludovico Einaudi,237.5,55,92.465,0.197,3,0.938,6,0.09,0.187,-11.991,0.55,0.0261,0.00954
389,2knE5dk1HSDp4DrTUDnW8f,I Hate Falling in Love,Stevie Hoang,220.52,31,114.988,0.859,4,0.187,8,0.0407,0.798,-3.537,0.776,0.0298,0.0
390,5GNQD8UHqitQVFe37t2nyW,Everytime My Heart Beats,Mikey Bustos,280.111,19,100.005,0.466,4,0.914,0,0.135,0.496,-9.204,0.63,0.0342,0.00674
391,6A8dnC0xkiuWN4BshmTB2I,Oceans Away,A R I Z O N A,194.013,60,105.885,0.221,4,0.13,8,0.0929,0.642,-8.624,0.617,0.0334,0.157
392,6H0zRPEV1ezBHOidNXSt1D,Fractures (feat. Nevve),ILLENIUM,245.25,55,159.837,0.266,4,0.373,4,0.139,0.711,-3.064,0.41,0.0432,0.00179
393,0AS090YJNo3vh75GrFxwbX,Electric Touch,A R I Z O N A,198.493,51,100.995,0.445,4,0.248,0,0.0851,0.784,-4.102,0.652,0.0398,4.24e-05
394,2UJUPsH3QjaDdyGAMksK02,Limitless (feat. Sophie Rose),Sam F,210.967,37,156.008,0.457,4,0.0256,11,0.294,0.854,-3.923,0.559,0.036,2.61e-06
395,3A5bZlU0YO0ZybDcfdlukT,Distraction,Synchronice,234.8,30,94.986,0.345,4,0.421,7,0.098,0.514,-6.664,0.749,0.0478,1.61e-05
396,1q3RiD1tIWUpGsNFADMlvl,All Too Well,Taylor Swift,327.893,62,93.06,0.337,4,0.0382,0,0.127,0.609,-7.803,0.602,0.0243,0.0002
397,4cG7HUWYHBV6R6tHn1gxrl,Friday (feat. Mufasa & Hypeman) - Dopamine Re-Edit,Riton,169.153,81,122.98,0.801,4,0.0076,2,0.303,0.862,-3.424,0.824,0.126,0.000132
398,24UjTh2wPv6g78XeRNbyCQ,Butterflies,William Black,201.931,0,145.085,0.263,4,0.173,3,0.213,0.72,-4.194,0.564,0.0384,0.0
399,1YXUD5D1ZRSaKZRZME4UB5,You'll Be OK,Gareth Emery,209.937,51,134.983,0.12,4,0.0118,0,0.166,0.494,-12.42,0.498,0.0343,0.00108
400,2qG81jL9UIP54uS8gYyP4k,Who (feat. BTS),Lauv,180.413,18,141.642,0.0969,3,0.546,11,0.104,0.339,-7.983,0.632,0.0337,0.0
401,0NqC5AdEEq8s8tH57yiIqB,Calling Her My Name - LIZOT Radio Mix,MaWayy,159.672,26,124.046,0.531,4,0.131,10,0.112,0.863,-5.605,0.646,0.0978,8.74e-06
402,312zSwwbPU7C3sTmro4Wx9,It's Ok If You Forget Me,Astrid S,204.989,67,171.848,0.258,4,0.526,6,0.151,0.379,-7.625,0.562,0.231,0.0
403,1TnUURhehaoMWKAqQtirm6,Colors,Halsey,249.499,68,100.02,0.521,4,0.0534,1,0.092,0.812,-4.809,0.512,0.0617,0.0
404,6E37j4b44JGpdk297urpKM,like that,Bea Miller,185.546,68,61.657,0.389,4,0.186,6,0.61,0.441,-5.799,0.573,0.0758,0.0
405,28aPB4a0r4SAzWjeVIklos,Beat Of My Heart - Deluxe Intro Edit,Lost Frequencies,291.681,41,126.023,0.111,4,0.0134,6,0.113,0.697,-9.009,0.736,0.0427,0.11
406,5hIR7SX1fSrr5evIAPDY5o,What Is Love 2016,Lost Frequencies,188.146,45,124.995,0.349,4,0.122,1,0.0946,0.563,-7.093,0.788,0.0447,0.000196
407,6DiogHhtwkVgUHUDUJVuXV,After You (feat. Calle Lehmann),Gryffin,224.569,58,145.055,0.484,4,0.0619,4,0.0873,0.804,-3.808,0.511,0.0433,0.0
408,6aoGtdWXBkYQ2O2wnyIz2x,Not Ok,Kygo,210.943,58,105.0,0.408,4,0.0292,11,0.325,0.66,-8.14,0.618,0.0372,2.07e-06
409,3frUvGrmGcay91lvFbOgsN,Like It Is,Kygo,183.067,61,105.024,0.36,4,0.121,1,0.227,0.728,-6.759,0.794,0.114,8.82e-06
410,52eycxprLhK3lPcRLbQiVk,How Would I Know,Kygo,180.7,52,123.7,0.153,4,0.538,7,0.108,0.539,-9.332,0.514,0.105,0.00233
411,7hd0ZLywUE3GZWNPXKBRGE,Could You Love Me,Kygo,202.052,55,99.976,0.675,4,0.164,0,0.0906,0.739,-6.682,0.693,0.0388,1.66e-06
412,3Be7CLdHZpyzsVijme39cW,What's Love Got to Do with It,Kygo,208.156,70,105.023,0.617,4,0.275,8,0.0632,0.664,-5.908,0.75,0.154,0.0
413,3t0J8vI9StQD8KIBkT2Cp5,Tired - Kygo Remix,Alan Walker,240.0,58,123.945,0.342,4,0.026,2,0.0895,0.74,-7.391,0.598,0.0684,0.0
414,4aSfgWmRa9KsISD4Jmx7QB,This Town (feat. Sasha Alex Sloan),Kygo,202.28,61,147.971,0.487,4,0.506,10,0.117,0.449,-7.956,0.736,0.0633,6.63e-05
415,1y4Kln6VEjQMpmHW7j9GeY,Cut Your Teeth - Kygo Remix,Kyla La Grange,399.013,60,99.985,0.465,4,0.59,10,0.051,0.678,-8.452,0.674,0.0406,0.222
416,7s1upm7yr7ZjrzXMwHawtG,Sexual Healing - Kygo Remix,Marvin Gaye,368.316,65,100.987,0.646,4,0.321,0,0.0431,0.68,-7.196,0.689,0.0427,0.0211
417,6Q3K9gVUZRMZqZKrXovbM2,I'll Wait,Kygo,215.36,65,122.983,0.351,4,0.144,1,0.105,0.651,-6.973,0.611,0.0589,1.7e-05
418,7xbWAw3LMgRMn4omR5yVn3,Lose Somebody,Kygo,199.549,67,147.988,0.507,4,0.344,1,0.0755,0.586,-6.883,0.58,0.0357,0.0
419,5ttwcGDVq9GpFgoAfqbXlu,With Or Without You (Acoustic),Alex Goot,196.615,17,119.954,0.345,4,0.981,3,0.106,0.131,-10.721,0.583,0.0401,0.000105
420,1v3KcU5ydHvEIMon6FT74o,Let Her Go (Acoustic),Jada Facer,168.593,32,149.193,0.464,4,0.9,2,0.202,0.247,-13.294,0.589,0.0414,0.0
421,6lxou3iPsogejxByNB4Y8n,cold showers,Jada Facer,181.677,18,100.967,0.429,4,0.751,9,0.314,0.284,-10.841,0.56,0.0613,0.0
422,5GkQIP5mWPi4KZLLXeuFTT,motive (with Doja Cat),Ariana Grande,167.989,77,116.965,0.661,4,0.0681,10,0.166,0.742,-5.664,0.789,0.0652,0.0
423,2gr5DXH9iIv6PlUaKwEUeT,Three Little Words,Lynnea M,153.324,17,115.962,0.323,4,0.00315,5,0.11,0.394,-5.724,0.806,0.0415,0.000106
424,5YKcmRQm0vaqHyXMqZGe6y,Let Me Go - Robin Schulz Remix,EMIN,181.573,0,124.142,0.32,4,0.0668,11,0.0814,0.772,-5.219,0.64,0.048,0.000108
425,14JpNHRsVrYoxHU7kecJq9,Don't Speak,PANG!,204.8,40,111.902,0.363,4,0.601,11,0.128,0.523,-7.943,0.639,0.102,0.0
426,4kIYLdQ0eoiZaVrGVWLvqn,Are You Mine,Alex Schulz,209.477,42,125.989,0.589,4,0.104,2,0.0571,0.694,-5.462,0.613,0.0314,2.7e-06
427,40EJ13BOHJ4e7HAJ0GzKIC,Leap Of Faith,Christopher,217.713,46,126.88,0.368,4,0.101,11,0.132,0.631,-6.729,0.677,0.0429,0.0
428,3rMu51ZwOmmpHaHXXngJZ0,Alone with You,Y.V.E. 48,153.142,1,104.982,0.307,4,0.267,5,0.105,0.529,-11.141,0.655,0.0344,0.242
429,51xRMJFRBrW9C1RI1qW4S0,Boys Like You - Acoustic,Anna Clendening,238.576,61,88.917,0.38,4,0.928,2,0.0875,0.128,-14.567,0.477,0.0707,0.0
430,3NxuezMdSLgt4OwHzBoUhL,Way Back Home,SHAUN,214.136,71,99.913,0.556,4,0.405,10,0.127,0.739,-4.591,0.745,0.0327,0.000183
431,70YPzqSEwJvAIQ6nMs1cjY,In Your Arms (with X Ambassadors),ILLENIUM,220.73,62,148.036,0.112,4,0.198,2,0.114,0.806,-4.75,0.404,0.0496,0.0
432,6hHZNKWzcZ1wSf0NnagKba,Walk Away (feat. Kaptan),LVNDSCAPE,185.612,43,97.97,0.343,4,0.265,6,0.247,0.778,-5.19,0.677,0.0291,0.0
433,07nH4ifBxUB4lZcsf44Brn,Blame (feat. John Newman),Calvin Harris,212.96,78,128.024,0.348,4,0.0287,0,0.343,0.857,-4.078,0.414,0.0808,0.00574
434,3PfIrDoz19wz7qK7tYeu62,Don't Start Now,Dua Lipa,183.29,83,123.95,0.679,4,0.0123,11,0.0951,0.793,-4.521,0.793,0.083,0.0
435,41GNtUM0nuTeL9qxMD9ifk,i don't wanna know,GOLDHOUSE,200.0,25,119.957,0.231,4,0.203,10,0.0781,0.738,-5.888,0.554,0.0454,0.0
436,3fHTrOxqJ2GC4WQeAgcKGa,Erase You,Tomorrow Or Another Day,240.144,0,79.923,0.224,5,0.805,5,0.0741,0.326,-8.355,0.445,0.032,0.0
437,2OYbEumzPOflytnS2RZbqE,Good Vibes (feat. Laurell),Quintino,164.946,39,149.867,0.593,4,0.443,2,0.102,0.486,-7.933,0.604,0.065,0.0
438,66jOXJrDytE0Ye3oUmvj7D,Million Miles,Mark Sixma,202.968,49,128.034,0.419,4,0.0497,4,0.689,0.716,-4.953,0.616,0.0566,2.82e-05
439,3Z8FwOEN59mRMxDCtb8N0A,Be Kind (with Halsey),Marshmello,172.761,76,93.995,0.452,4,0.00776,4,0.0541,0.633,-7.088,0.63,0.0457,0.0
440,5k38wzpLb15YgncyWdTZE4,Him & I (with Halsey),G-Eazy,268.866,78,87.908,0.191,4,0.0534,2,0.308,0.731,-6.343,0.589,0.0868,0.0
441,5YzGfphZh09kzBEkmUDEnI,L.I.F.E.,Remady,179.505,43,91.132,0.323,4,0.0169,3,0.138,0.646,-4.857,0.583,0.0516,0.0
442,4zHbzMPCg3tovIILIa7dsB,Summer Air,ItaloBrothers,183.587,51,102.002,0.491,4,0.0635,8,0.0812,0.751,-4.034,0.755,0.0748,0.0
443,4fmgVBo81xcf52rZcp1A0O,Alone w u,Modern Culture,148.203,45,120.02,0.577,4,0.0709,11,0.158,0.73,-6.812,0.745,0.0305,0.00223
444,0Rp4jmwBigtBymrPsMCt3G,Keep You Mine - Acoustic,NOTD,183.435,57,131.938,0.468,4,0.851,10,0.22,0.388,-9.31,0.672,0.0324,6.16e-06
445,7MnPqlRg4XPv9cqHF76tbs,Close to Me,Max Oazo,211.624,41,120.001,0.534,4,0.144,8,0.0651,0.741,-7.269,0.825,0.0508,0.595
446,3Fg5uhtWBlW0es8GSqQ6Ff,Mortals,Warriyo,228.34,12,90.075,0.0744,4,0.0249,2,0.157,0.657,-6.097,0.323,0.0458,0.0691
447,3AoNCzP5TlfgfhyP9MDcol,Regensturm,LIZOT,191.693,13,103.04,0.368,4,0.663,9,0.33,0.656,-6.356,0.738,0.0418,3.05e-05
448,745bEQatiiXDtBe1AdQY2P,Beautiful,Kygo,217.766,56,123.843,0.269,4,0.0349,11,0.0904,0.709,-5.742,0.614,0.0428,0.0
449,2OZNEa3tW5HKAaAQqnJope,can you hear me?,Munn,185.6,64,149.821,0.375,4,0.449,2,0.342,0.576,-7.827,0.646,0.071,0.0
450,1o0k6tyy5HVrv4W3G1G8H0,I Lost Myself (feat. Anna Clendening),Munn,191.323,35,127.963,0.185,4,0.855,2,0.119,0.382,-7.205,0.673,0.0303,0.0
451,5mdyJydkKp5Qp71n3sed3d,Another Day,Dabin,182.062,44,119.985,0.409,4,0.0175,5,0.104,0.701,-4.98,0.601,0.0355,0.000129
452,5sVegB2FI670l6LXv7Ykga,Be Alright,Jada Facer,180.62,48,113.748,0.461,4,0.912,3,0.0849,0.219,-11.554,0.723,0.0443,0.0
453,1TF8rXy87zrnpBlS9TLykA,Cry (with John Martin),Gryffin,218.401,50,145.135,0.51,4,0.0155,1,0.0706,0.802,-3.914,0.458,0.0416,0.0
454,6PQ88X9TkUIAUIZJHW2upE,Bad Habits,Ed Sheeran,231.041,22,126.026,0.591,4,0.0469,11,0.364,0.897,-3.712,0.808,0.0348,3.14e-05
455,1PA8t7QlRzSpUOZIlLLi6U,Broken,William Black,228.705,0,170.049,0.31,4,0.0265,1,0.149,0.828,-4.374,0.49,0.0379,0.0
456,25YvjoRZnY2FJLq736dDyY,Hypnotized,DEAMN,198.0,0,113.978,0.419,4,0.316,0,0.2,0.768,-3.708,0.699,0.0421,0.0
457,6B1iDt4SJmWFUeC61V4W7S,Grow,Joakim Lundell,207.375,42,80.027,0.33,4,0.298,7,0.124,0.607,-6.01,0.521,0.0312,0.0
458,0OJN2A3Qyvd7pwSF0AIteC,Keep You Mine,NOTD,174.76,67,135.991,0.845,4,0.267,10,0.196,0.788,-3.663,0.81,0.0447,0.000172
459,6s86N7LVaJZuU4alwKp6XO,Are you happy?,shy martin,157.555,66,139.324,0.297,4,0.714,9,0.42,0.578,-7.657,0.632,0.0905,0.0
460,1qRDrHtcdLAKiryk0jPtmY,Out of My Hands,shy martin,203.089,48,132.941,0.537,4,0.0627,5,0.266,0.561,-6.584,0.65,0.0451,7.9e-06
461,5znZGMbdyF7VnICajYWmqM,Footsteps In The Night,Lost Frequencies,264.48,16,120.974,0.334,4,0.592,11,0.123,0.707,-9.065,0.813,0.0656,0.161
462,54u3uo9Yef9KNT0srb97J1,All Or Nothing,Lost Frequencies,157.493,41,125.971,0.173,4,0.248,11,0.107,0.775,-6.877,0.773,0.0439,0.0278
463,45bE4HXI0AwGZXfZtMp8JR,you broke me first,Tate McRae,169.265,83,124.148,0.0823,4,0.785,4,0.0906,0.373,-9.389,0.667,0.05,0.0
464,2cT4WEb5v210o1g2ISrXBL,What Is Love 2016,Lost Frequencies,188.146,52,124.995,0.349,4,0.122,1,0.0946,0.563,-7.093,0.788,0.0447,0.000196
465,1FEBfsa3JFGme9RYs9wIyC,The River,Mauve,124.182,50,111.053,0.687,4,0.603,2,0.866,0.647,-8.115,0.818,0.0293,0.0185
466,78syjBKqyrvojI3R4mQuOf,Salt,B.Miles,201.147,47,121.965,0.274,4,0.331,11,0.269,0.52,-10.846,0.582,0.0667,0.246
467,2TTsVof1ThSv98XOsJ4r1S,Summer Wave,Solven,204.0,47,119.971,0.256,4,0.111,8,0.177,0.568,-9.593,0.791,0.052,0.0165
468,0d0ejCZz2r6XHN2dL90rdu,Into the Sea,Wave Wave,186.885,48,121.903,0.263,4,0.0477,7,0.253,0.569,-9.026,0.643,0.0336,0.0
469,0SYvT7Ec9YrDRFPV9g9UXt,Superficial Love,Calica,169.565,0,91.962,0.785,4,0.325,3,0.0688,0.787,-6.609,0.623,0.0549,1.14e-06
470,4ZOyH6KjomjlqCz3oFqglr,Jenny from the Block (feat. Jadakiss & Styles P.) - Track Masters Remix,Jennifer Lopez,187.84,62,100.002,0.961,4,0.00833,6,0.0575,0.754,-5.46,0.844,0.207,3.42e-06
471,3xorDgSAbDs0prbhaNIKmj,Searching for You,Rammor,145.985,38,117.942,0.226,4,0.00434,2,0.0826,0.836,-4.871,0.61,0.0527,0.0
472,6sTaRmIZ8mPzi6UpP92TW8,In the Rain,Mauve,132.857,40,112.04,0.195,4,0.555,4,0.311,0.55,-10.827,0.708,0.044,0.00234
473,2dIgMsr7friI5uyd00HtCf,Wild Heart,Buchs,139.826,29,115.054,0.0981,4,0.471,1,0.171,0.484,-12.352,0.64,0.0331,0.000229
474,4snOHAw3BxiKWFeOyLeEpB,Another Life (feat. Alida),Lucas & Steve,212.468,48,123.854,0.264,4,0.00531,5,0.126,0.653,-5.954,0.541,0.04,0.0
475,4iIEWjIsCrjOv8hSTmyc2q,Waste of You,Will Callan,228.0,1,137.936,0.359,4,0.822,2,0.0982,0.365,-6.648,0.589,0.0364,0.0
476,6uzwiQa5FkiiHLyt7ENYc6,Kisses Back,Anthony Keyrouz,222.629,55,123.984,0.755,4,0.255,4,0.0828,0.63,-8.397,0.788,0.0331,2.08e-06
477,72eQ49Sy53JZVZa5PTAKxD,Radioactive,Coopex,158.613,50,128.136,0.178,4,0.0946,2,0.11,0.804,-6.657,0.692,0.0968,0.0
478,1vsQb8n0icvMsFnL9663LM,Need Your Love (with Noah Kahan),Gryffin,205.786,60,104.099,0.523,4,0.16,0,0.183,0.76,-3.962,0.581,0.0406,0.0
479,2zTotVbaMMN8z8ldoEfrDM,Fools Gold,Essy,204.8,0,150.227,0.271,4,0.221,9,0.086,0.83,-2.881,0.569,0.3,1.01e-05
480,5ql2mP9FUhB3SgMzv2akuO,Heaven (feat. Veronica),Dzeko,195.0,50,127.994,0.179,4,0.247,0,0.112,0.882,-3.565,0.657,0.0456,0.00202
481,48OVeiPyCz0KAN0NFxBg7S,Something Stupid (feat. AWA) - Rompasso Remix,Jonas Blue,165.19,43,125.011,0.208,4,0.0277,0,0.164,0.939,-3.234,0.678,0.0353,0.00559
482,6hpUC8LHOj0U1JHuFasl9b,Erase You,KAAZE,209.076,2,128.002,0.438,4,0.0927,2,0.142,0.741,-5.151,0.563,0.0419,0.0
483,02oT3HvcsXD64VwOBtH8yM,Hearts on Fire,ILLENIUM,236.317,52,179.955,0.241,3,0.0088,1,0.0959,0.765,-4.449,0.365,0.0416,2.06e-06
484,6Q38u9hm4i9zdGtUNMaga3,Feel It Too,Someone Else,212.322,25,112.063,0.507,4,0.152,9,0.101,0.799,-4.98,0.711,0.0361,1.09e-06
485,7BjBDt52upI92r3V9O7dNQ,Glimmer (William Black Remix),LIONE,226.8,16,100.013,0.0486,4,0.0127,10,0.224,0.761,-5.076,0.431,0.0408,0.00193
486,5knuzwU65gJK7IF5yJsuaW,Rockabye (feat. Sean Paul & Anne-Marie),Clean Bandit,251.088,76,101.965,0.742,4,0.406,9,0.18,0.763,-4.068,0.72,0.0523,0.0
487,5GzExVEv1JDsYyPFjMdXsA,Inside the Lines,Mike Perry,204.503,50,96.989,0.399,4,0.0709,8,0.0934,0.8,-4.576,0.561,0.0324,0.000133
488,65n4DkUhKUO4tECIabKwy1,Hurricane - Arty Remix,Halsey,224.52,55,127.991,0.49,4,0.0268,0,0.375,0.856,-4.158,0.438,0.0584,6.27e-06
489,2s76aKBWKShlwPC4xTtEEE,Wake Up Where You Are,State of Sound,207.306,46,113.956,0.545,4,0.11,9,0.0784,0.674,-6.977,0.706,0.0337,0.000626
490,5BIjJP1zlOa3iY65RSkXkr,Nevada (feat. Cozi Zuehlsdorff),Vicetone,208.561,0,124.015,0.105,4,0.299,3,0.133,0.783,-4.271,0.605,0.0324,0.000175
491,4TP11rqVfILREbUK5Q2Dmb,Closer Than You,William Black,219.2,0,149.916,0.227,4,0.098,10,0.112,0.505,-6.428,0.501,0.0284,0.0
492,4ibYl4U7Ix076zx81cO8YY,Do Or Die,Axel Johansson,204.715,50,175.657,0.285,4,0.172,10,0.0863,0.623,-5.146,0.536,0.0436,0.0
493,4ga4WvRNhMsIL38pkBbnIN,Pressure (feat. Tove Lo),Martin Garrix,144.391,68,114.978,0.357,4,0.659,7,0.124,0.558,-8.991,0.859,0.0902,0.324
494,3n9Ty549C2SAXu8PjQZNJS,Ecstasy,DEAMN,205.714,0,104.978,0.506,4,0.469,1,0.179,0.795,-2.987,0.722,0.0334,0.0
495,1tlnuUy7l9iA2tFxPCueJT,Miss It,William Black,198.4,0,150.056,0.265,4,0.0523,0,0.114,0.722,-4.971,0.555,0.0393,0.0
496,4jxWGHmMyfdOtt99WDbOPM,Ilomilo,Michel Dj,187.0,33,119.961,0.54,4,0.0439,1,0.179,0.878,-4.213,0.709,0.0633,0.00994
497,5roq76ChzYAVVEIEDXalZv,Don't Say,Hoang,182.106,47,143.044,0.187,4,0.0715,8,0.245,0.743,-4.284,0.469,0.0628,0.000378
498,2PSEa6CJkdwM96iLo7hkZQ,Dynasty,Elephante,201.23,51,130.072,0.311,4,0.00131,8,0.54,0.919,-3.587,0.509,0.0792,0.0
499,5eRiynmtzGbdwHHex3F4F8,Chameleon - Remix,Mako,208.307,32,141.979,0.431,4,0.023,9,0.225,0.729,-6.118,0.548,0.0293,5.53e-05
500,0XtnjngdyPgVxb9qXBUeJh,Alive,Dabin,365.419,49,154.0,0.234,4,0.134,11,0.135,0.566,-6.179,0.383,0.0435,0.0
501,3shPY41rwM7O9BGhxNWgE4,All You Need To Know (feat. Calle Lehmann) - Acoustic,Gryffin,226.723,42,125.931,0.471,4,0.359,0,0.108,0.562,-6.199,0.627,0.0265,1.22e-06
502,5KQn3B5Zvt6UtYKUuSAunX,Miss Me More,3LAU,191.443,0,97.053,0.52,4,0.0156,6,0.0608,0.803,-5.366,0.652,0.0433,1.95e-05
503,0aDYbKm7Cwe3rkjihsj7S6,Constellation,Far Out,172.804,53,149.922,0.33,4,0.172,11,0.339,0.842,-4.159,0.342,0.0855,1.44e-06
504,1Ia95g66IhlAJ3qVI4qI8W,Slow,shy martin,163.547,65,142.016,0.239,4,0.815,2,0.111,0.243,-9.509,0.636,0.04,0.0
505,3D37T7euWvVJ45evRmriIh,Better With You,3LAU,192.941,53,102.043,0.25,4,0.0196,3,0.114,0.752,-4.872,0.571,0.0293,6.92e-05
506,49rrPHxp0944ZLgAi7XfY8,Find Our Way - Night Drive Edit,Midnight Kids,219.428,44,105.02,0.261,4,0.191,10,0.125,0.459,-13.676,0.638,0.0263,0.0207
507,3h07iqlLvjuO8sEThw76N9,Sunsets,NURKO,223.058,0,129.95,0.166,4,0.162,7,0.094,0.707,-6.139,0.287,0.0323,0.000664
508,5l9KtWJtZKMUE1Xgc51dcU,Wait,MitiS,284.689,41,145.014,0.118,4,0.0593,10,0.121,0.625,-5.932,0.467,0.0417,3.99e-05
509,0fT5D9xLafMdtzS36N1vy6,Release Me (feat. Gallie Fisher),Crystal Skies,300.0,34,159.839,0.135,4,0.0451,3,0.0884,0.813,-4.267,0.328,0.0436,0.143
510,2PhlrsYp7TSkK96ngbmL38,Into You,Matisse & Sadko,161.538,63,156.0,0.278,4,0.0336,8,0.125,0.687,-6.4,0.553,0.034,0.0
511,0lks2Kt9veMOFEAPN0fsqN,Lily,Alan Walker,195.84,74,150.978,0.467,4,0.196,6,0.189,0.634,-5.877,0.423,0.0578,0.0
512,5VGBgPVFO3e0lWz4WHYntQ,All For Love,Tungevaag,180.484,59,125.115,0.651,4,0.145,7,0.459,0.901,-1.431,0.689,0.0678,1.03e-05
513,1iaLcGW8ffLMPFSLSGn0Zs,Symphony,Sick Individuals,202.148,0,127.92,0.189,4,0.0374,3,0.123,0.888,-3.796,0.612,0.0603,6.95e-05
514,5JkUNbYSn06ghlmu0NRUMf,Lose You Too,shy martin,186.463,52,147.062,0.159,4,0.153,7,0.356,0.357,-9.163,0.445,0.0445,0.0
515,4sP9GmZeKFzXLpLqfFMDBr,Stay For Now (Hallman Remix),Ray,169.578,53,104.99,0.173,4,0.00624,4,0.238,0.791,-6.021,0.602,0.0261,0.000234
516,7EgtvRAeOkfB5OeFgfGsWM,Wasted Love,John De Sohn,195.84,55,125.042,0.215,4,0.011,10,0.0732,0.677,-8.263,0.592,0.0353,6.4e-06
517,6XGqOY2tWjHwRIJ4qTjGBf,Fast Lane,Palm Trees,149.574,53,98.014,0.738,4,0.365,9,0.0914,0.712,-5.393,0.733,0.0748,0.0
518,0PO4YZcs9B2Jakg8SJTZo9,If I Ruled The World,Mike Perry,171.925,2,124.812,0.29,4,0.0205,4,0.115,0.643,-5.041,0.655,0.108,0.0
519,4eeX6TvBU6SyY21igcQ4VF,Crazy,BEAUZ,188.235,0,102.036,0.422,4,0.166,8,0.0752,0.796,-4.031,0.739,0.0332,0.0
520,0ilj2uO9WoUSkyzNRanpAd,Give Me Your Love,DEAMN,197.803,0,105.008,0.391,4,0.136,0,0.248,0.832,-4.712,0.707,0.0255,0.000129
521,4wX3QCU2hWtuPiv8GSakrz,Where We Started,Lost Sky,222.005,0,75.002,0.336,4,0.312,6,0.169,0.561,-6.027,0.561,0.0318,1.19e-05
522,2k1bFfcPIRTMeCGO48F0OE,The Calling,TheFatRat,233.59,57,109.998,0.109,4,0.423,11,0.117,0.504,-8.284,0.672,0.0322,0.00885
523,7CQjnYsGLdtcrsp95oBpCv,Close To The Sun,TheFatRat,192.239,62,88.958,0.355,4,0.366,1,0.12,0.884,-4.051,0.659,0.0423,3.34e-05
524,6ibayfvVOby1NSKJFohtZp,Light It Up,Robin Hustin,185.39,64,128.028,0.0724,4,0.0037,7,0.374,0.949,-2.44,0.671,0.0829,3.83e-05
525,698iOtEgpOanQKKM8x2PzK,Innocence,Nathan Wagner,335.259,32,101.587,0.122,5,0.823,0,0.339,0.394,-10.305,0.221,0.0392,0.000134
526,5rAUZy2eDdegBxUVYxePK2,In The End - Mellen Gi Remix,Tommee Profitt,218.188,72,88.07,0.224,4,0.477,7,0.162,0.611,-6.654,0.618,0.11,0.0333
527,4VZH6OfxPy1nNE7KbtVKyK,Fearless Pt. II,Lost Sky,194.181,3,109.996,0.322,4,0.282,6,0.12,0.928,-4.279,0.729,0.0515,0.00147
528,557lh76vcLy4EQWvZluA32,They're Just Ghosts,Motion Blur,237.6,43,149.931,0.133,4,0.0701,1,0.101,0.84,-3.477,0.473,0.0505,0.0
529,6Feh8q8vWGfJhc9xPKUIP2,Falling,Diviners,200.059,0,126.254,0.0668,4,0.506,2,0.104,0.629,-6.513,0.58,0.0444,1.84e-05
530,2h4j21MU1YFgFmEsH2sA48,Hold Me Back,Marin Hoxha,202.5,0,159.91,0.0558,4,0.0371,0,0.177,0.675,-4.224,0.471,0.0335,0.0
531,42oMPB2sRZfTN9vV2aN1NK,Let It Die,Rival,217.931,45,173.93,0.303,4,0.577,7,0.177,0.538,-6.657,0.302,0.0345,0.0
532,5aZUxpQdE8yQZ6xkZXjbIO,Never Letting Go,Vexento,270.288,36,148.989,0.477,4,0.52,6,0.248,0.318,-14.623,0.774,0.0448,0.6
533,6inzGTxyGsXVjpVKtFGrcE,Rise Up,TheFatRat,169.756,68,163.942,0.578,4,0.254,10,0.0733,0.694,-5.713,0.614,0.0932,2.63e-06
534,3iSJ9u9SMDEEkJuTfqrtVL,Lonely,Yoe Mase,247.492,37,152.019,0.302,4,0.0683,10,0.142,0.592,-5.912,0.435,0.0367,0.000136
535,1eJun36v5eq9S9XkVwyZPz,One,Axel Johansson,164.571,55,104.99,0.215,4,0.113,7,0.0411,0.812,-3.27,0.635,0.045,1.2e-05
536,0pzGsgrMvEtHZW6XzpY6Cs,Bring Me Back,Miles Away,219.0,50,139.988,0.25,4,0.164,8,0.118,0.619,-4.774,0.495,0.0317,2.13e-06
537,1iaTDu4PCIWQQOwwwqq5qW,All I Got,Said The Sky,315.724,52,144.731,0.102,4,0.158,2,0.575,0.578,-6.786,0.326,0.0455,0.00479
538,51Of5p3lKZeOg6itfs4og4,Lovefool,twocolors,190.487,71,123.062,0.198,4,0.0219,6,0.129,0.766,-6.896,0.677,0.0568,6.81e-06
539,3vNsOdrDl6UbCv03oqLvUx,Why Do You Lie To Me,Topic,171.29,1,119.827,0.336,4,0.0539,4,0.206,0.738,-6.46,0.65,0.158,0.0
540,5XWDWXVj8WwuLGmKKGBZcc,Guilty of Your Love,Kyle Meehan,137.419,35,124.011,0.683,4,0.0282,10,0.153,0.719,-7.664,0.712,0.137,0.0
541,09GiF54mDWGeYzH3CAZW6b,Crazy,Kastelo,173.5,0,119.961,0.229,4,0.376,5,0.0895,0.776,-8.356,0.647,0.0703,0.00264
542,0qc4QlcCxVTGyShurEv1UU,Post Malone (feat. RANI),Sam Feldt,174.444,68,107.356,0.651,4,0.0771,7,0.105,0.642,-3.87,0.59,0.122,0.0
543,4evmHXcjt3bTUHD1cvny97,Beautiful People (feat. Khalid),Ed Sheeran,197.866,74,92.977,0.548,4,0.124,5,0.0802,0.648,-8.113,0.64,0.187,0.0
544,3c8iiZGfEammKJuWTErE5x,Ain't Nobody (Loves Me Better) (feat. Jasmine Thompson),Felix Jaehn,186.146,74,117.971,0.479,4,0.672,2,0.0698,0.566,-6.959,0.778,0.0311,0.000197
545,5WHTFyqSii0lmT9R21abT8,Don't Call Me Up,Mabel,178.48,77,98.994,0.234,4,0.296,9,0.0793,0.881,-2.853,0.674,0.147,3.01e-06
546,7ytR5pFWmSjzHJIeQkgog4,ROCKSTAR (feat. Roddy Ricch),DaBaby,181.733,79,89.977,0.497,4,0.247,11,0.101,0.69,-7.956,0.746,0.164,0.0
547,2mlfBp6taQvBfaHMxpJcZB,Taking Hold,BLEM,184.668,14,115.019,0.417,4,0.134,11,0.11,0.617,-6.98,0.708,0.215,2.84e-06
548,2UCu2FoXFZpCT36lYzej4O,Something Stupid (feat. AWA),Jonas Blue,176.734,56,120.012,0.626,4,0.276,0,0.0872,0.864,-5.13,0.705,0.0344,0.00037
549,4SL2iWHt3azgITI04G5NpY,Your Love (9PM),ATB,150.052,62,125.993,0.517,4,0.194,7,0.115,0.784,-5.603,0.669,0.112,6.28e-06
550,4hncnaYqeiFPCqP8yUTAx0,Little Too Much,Dallerium,155.409,31,121.968,0.36,4,0.185,10,0.181,0.796,-7.805,0.74,0.0842,0.0209
551,3H7ihDc1dqLriiWXwsc2po,Breaking Me,Topic,166.793,78,122.031,0.664,4,0.223,8,0.129,0.72,-5.652,0.789,0.218,0.0
552,6f3Slt0GbA2bPZlz0aIFXN,The Business,Tiësto,164.0,81,120.031,0.235,4,0.414,8,0.112,0.62,-7.079,0.798,0.232,0.0192
553,50bjIS2faKZR8Gw04fbDxd,Maze,Mike Perry,173.984,0,110.079,0.379,4,0.0719,4,0.121,0.796,-3.226,0.648,0.0404,1.6e-06
554,1ohiFaY4aPTHpjXusIoUTz,Breathe,Mako,188.36,47,152.909,0.556,5,0.493,7,0.106,0.571,-6.354,0.398,0.0397,0.0
555,7hQqneQFiXJQOvz6ppQs2y,Hide and Seek - Don Diablo Edit,Danny Olson,298.064,38,123.997,0.167,4,0.397,6,0.0929,0.452,-8.166,0.369,0.0464,0.0
556,03ARE7xKtbCVV2GE5j0IWq,Make Us Never Happen,shy martin,171.89,56,105.016,0.331,4,0.308,10,0.165,0.489,-8.541,0.61,0.127,0.0
557,6DfgobLeHuZB9NtMnGQEwe,Self Control,B.R.T,160.71,0,124.025,0.33,4,0.347,6,0.333,0.614,-9.197,0.938,0.252,0.00841
558,0lGNPJ1qnQ5lxQFz2pYQce,Firestone,Michel Dj,171.724,37,115.977,0.337,4,0.0698,11,0.104,0.89,-3.826,0.655,0.038,0.00135
559,7FI0RBxiu99x8g7UrQIc6M,U I Like,Melodream,181.25,53,120.017,0.174,4,0.456,5,0.125,0.763,-5.95,0.697,0.0328,0.000907
560,6CPEs12nNddbk7XdZi68EL,Insomnia,Michel Dj,166.0,24,120.023,0.548,4,0.0228,7,0.399,0.892,-3.545,0.625,0.083,0.000152
561,7l6q62nz8OjlVJ5HvYkjqZ,Hard to Forget,Jane XØ,200.708,36,119.707,0.0791,5,0.199,9,0.0876,0.618,-5.991,0.401,0.0958,2.27e-05
562,6tAVL5hoETyv152TZeNCGo,Don't Let Me Go,EMDI,182.58,24,125.1,0.607,4,0.606,8,0.0869,0.73,-4.036,0.602,0.0506,0.0
563,6CQCJ0r9OLnEEZnuzmBPdx,Moonlight,Vowed,214.426,27,121.958,0.0751,4,0.0047,9,0.338,0.819,-6.763,0.555,0.0608,0.114
564,7K1fqeaZKX2fGH2ddOfPUC,Daylight,Soundwaves,210.0,44,119.977,0.533,4,0.0916,11,0.16,0.485,-13.314,0.73,0.0395,0.00777
565,5y44tjKJybkxNFH5552JYN,Play Pretend,Angemi,182.005,21,119.946,0.38,4,0.0737,7,0.131,0.774,-5.568,0.689,0.0515,0.0
566,6hrd5CEeqOTDGKxqlIuUY1,Natalie Don't,Besomage,172.5,42,128.056,0.355,4,0.118,5,0.181,0.803,-5.06,0.785,0.148,0.0
567,5iT7jzcmm4a9hBQmIoddvX,Made For You,Joakim Lundell,214.714,25,104.953,0.323,4,0.378,6,0.0778,0.592,-5.28,0.594,0.0414,2.09e-06
568,2M1mqcNUBIAfRoD2Puhejf,Carry Me Home (feat. Jake Reese),KSHMR,191.25,50,128.029,0.484,4,0.014,9,0.087,0.884,-4.104,0.662,0.0599,3.7e-05
569,0343bYQtSfznf6v90jRLRK,Forever Young,John De Sohn,167.911,63,121.98,0.584,4,0.178,8,0.0952,0.621,-6.045,0.653,0.0308,0.0
570,4IXAvmNBFinLJJAuqpBK7Y,Getaway,Syn Cole,194.181,0,110.031,0.673,4,0.224,6,0.111,0.836,-3.501,0.742,0.0356,0.0
571,45Q6RNX1yeHpGZpR0RjpKI,Lost,Blake Rose,234.623,8,94.749,0.502,4,0.216,4,0.107,0.687,-6.536,0.597,0.0466,0.0
572,38o5lj4mbLK34vQkJUlMrg,London,Mokita,160.225,64,119.901,0.466,4,0.544,11,0.097,0.512,-8.715,0.684,0.0525,0.0
573,2EliNOReCRCe1ynR6G8yeT,champagne problems,Taylor Swift,244.0,41,171.352,0.32,4,0.921,0,0.113,0.242,-12.077,0.462,0.0376,0.0
574,4pvb0WLRcMtbPGmtejJJ6y,exile (feat. Bon Iver),Taylor Swift,285.634,80,75.602,0.152,4,0.778,6,0.11,0.38,-8.426,0.298,0.0287,5.62e-05
575,3Uo7WG0vmLQ07WB4BDwy7D,willow,Taylor Swift,214.706,70,80.961,0.549,4,0.835,7,0.145,0.579,-9.195,0.392,0.164,0.00179
576,4R2kfaDFhslZEMJqAFNpdd,cardigan,Taylor Swift,239.56,88,130.033,0.551,4,0.537,0,0.25,0.581,-8.588,0.613,0.0424,0.000345
577,5v51fJZB0MEfhdg4RBR7jK,Deep Blue,William Black,201.6,0,150.04,0.244,4,0.566,11,0.323,0.722,-5.453,0.564,0.0444,1.26e-06
578,3B3xNtDr7xrgltDymbht87,Run Back to You,Hoang,193.785,54,105.922,0.334,4,0.206,3,0.1,0.569,-6.349,0.392,0.11,1.08e-05
579,17Efhyf4A96n0EFXKeB7Ya,Crashing (feat. Bahari),ILLENIUM,230.0,56,95.995,0.273,4,0.342,5,0.186,0.681,-6.138,0.582,0.0458,0.0
580,06kxa3al7bUqRRo5nAFduZ,Nightlight,ILLENIUM,222.4,60,149.979,0.162,4,0.0819,11,0.104,0.651,-4.127,0.494,0.0384,0.0
581,4vsAUbPb6q9FpC4AGBFdVh,tomorrow tonight,Loote,202.6,61,91.361,0.142,4,0.134,3,0.108,0.5,-7.979,0.32,0.0994,0.0
582,7qEHsqek33rTcFNT9PFqLf,Someone You Loved,Lewis Capaldi,182.16,89,109.891,0.446,4,0.751,1,0.105,0.405,-5.679,0.501,0.0319,0.0
583,52iLDrSoRtf9lcgFuLVfqE,Older,Sasha Alex Sloan,191.001,72,64.002,0.162,4,0.743,11,0.0974,0.292,-9.599,0.681,0.0483,0.0
584,1TQXIltqoZ5XXyfCbAeSQQ,Dancing With Your Ghost,Sasha Alex Sloan,197.732,80,74.953,0.389,4,0.768,11,0.103,0.328,-8.284,0.629,0.029,2.5e-05
585,5rFj8OzffT0iggSjcBaeND,"Fire On Fire - From ""Watership Down""",Sam Smith,246.735,68,115.124,0.341,4,0.476,1,0.18,0.407,-7.356,0.584,0.046,0.0
586,0fTiDOXRNEN0lUeYGoSHml,Somebody,The Chainsmokers,221.986,62,203.443,0.323,4,0.192,10,0.102,0.63,-7.019,0.32,0.0493,0.0
587,6jreFSOTUAViWjKyzOC4Kg,REMEDY,Alesso,190.295,66,119.964,0.483,4,0.269,0,0.0883,0.775,-4.612,0.601,0.0473,0.0
588,0kHyKhJMukHEPfeh8s7rdM,Born To Be Yours,Kygo,193.32,69,114.011,0.451,4,0.3,3,0.0982,0.688,-5.84,0.688,0.0357,0.0
589,4pWawf1Rq4qHDv4Ktqjg2D,Beautiful Creatures (feat. MAX),ILLENIUM,240.508,56,117.048,0.216,4,0.0668,0,0.367,0.826,-4.577,0.578,0.0796,0.00074
590,1FDGTwqfK4mmwFZOd7qn5H,Both of Us,Yellow Claw,198.209,50,159.975,0.335,4,0.347,5,0.288,0.715,-3.773,0.559,0.0636,0.0136
591,4G3IXyVRxSx5lLhUvv3fu3,Fractures,ILLENIUM,245.25,52,159.862,0.268,4,0.373,4,0.139,0.711,-3.064,0.406,0.0436,0.00195
592,2zh01m4PiHaZz4BAm0NRxs,Tie Me Down (with Elley Duhé),Gryffin,218.239,64,98.976,0.322,4,0.136,6,0.111,0.845,-2.292,0.608,0.0597,0.0
593,5ZSl6gDoV6bPPxzmLeneV9,Rise,Jonas Blue,194.407,74,106.046,0.655,4,0.327,1,0.203,0.785,-4.65,0.687,0.0333,0.0
594,2P91MQbaiQOfbiz9VqhqKQ,I Like Me Better,Lauv,197.436,21,91.97,0.419,4,0.535,9,0.104,0.505,-7.621,0.752,0.253,2.55e-06
595,5Gu0PDLN4YJeW75PpBSg9p,"Let Me Go (with Alesso, Florida Georgia Line & watt)",Hailee Steinfeld,174.8,77,103.07,0.742,4,0.0337,8,0.0841,0.708,-4.154,0.664,0.0474,0.0
596,17ejRbr6B8l9zdqgCZsn4m,Nobody Compares To You (feat. Katie Pearlman),Gryffin,231.29,61,104.911,0.331,4,0.229,2,0.192,0.764,-4.735,0.59,0.0467,0.0
597,24FFOpCA6bc5YoU2F3TKqS,Just For A Moment (feat. Iselin),Gryffin,253.25,56,144.037,0.414,4,0.0137,1,0.269,0.776,-6.343,0.536,0.0485,1.83e-05
598,61KzdDjzvKmbj9JZlVnLwI,Bring Me Back to Life,Ht Bristol,216.106,55,135.945,0.279,4,0.0161,7,0.101,0.825,-5.229,0.534,0.036,0.0
599,14TlyK21s8GCWYlNvqwiJp,Daily,Rival,200.678,0,140.015,0.606,4,0.516,11,0.07,0.619,-7.495,0.677,0.0483,5.26e-05
600,4BGaoomiLpfjfR5rg64cfi,Why Do I?,Unknown Brain,223.803,0,173.967,0.121,4,0.0137,11,0.113,0.764,-4.054,0.623,0.0546,0.00055
601,3SipFlNddvL0XNZRLXvdZD,Heroes Tonight,Janji,208.139,2,127.994,0.178,3,0.075,8,0.253,0.786,-4.331,0.537,0.0317,0.0
602,4unpXe9GYrqsD3eIL3QGZp,Meant To Be,Arc North,208.352,0,104.194,0.235,4,0.0875,10,0.238,0.595,-5.908,0.383,0.0409,2.83e-05
603,4DHRbvvQyC3mBa3Y0JNl4n,Make Me Move,Culture Code,197.052,0,95.019,0.356,4,0.211,8,0.1,0.65,-4.665,0.541,0.0414,0.000128
604,4lWZDsHPSdsGcqQ99frgb5,Hypnotized,DEAMN,198.0,0,113.979,0.422,4,0.313,0,0.2,0.768,-3.708,0.699,0.0421,0.0
605,4ZVSSE2JUJwsyTukDwjoT6,Sign,DEAMN,191.559,0,108.914,0.472,4,0.0247,3,0.217,0.903,-4.016,0.705,0.0282,0.00167
606,42fJWRGXv3Ski12V294Yhy,Melody,Cadmium,220.235,0,84.566,0.532,4,0.245,9,0.0905,0.466,-10.532,0.379,0.0832,2.75e-06
607,0s26En1JoJhVj32vizElpA,Feelings,Lauv,189.906,14,103.044,0.25,4,0.0578,9,0.0802,0.392,-8.911,0.7,0.033,0.0
608,4oPWkP9zQ5ANBbfdHGOvKF,Woke Up Late (feat. Hailee Steinfeld),Drax Project,181.826,58,119.214,0.351,4,0.043,2,0.186,0.66,-5.429,0.698,0.083,0.0
609,5DqdesEfbRyOlSS3Tf6c29,It's You,Ali Gatie,212.606,80,95.971,0.397,4,0.374,11,0.194,0.463,-6.972,0.732,0.0287,0.0
610,6zeeWid2sgw4lap2jV61PZ,Better,Khalid,229.32,79,97.949,0.112,4,0.0765,0,0.104,0.552,-10.278,0.596,0.097,0.334
611,7FGq80cy8juXBCD2nrqdWU,Eastside (with Halsey & Khalid),benny blanco,170.769,80,89.949,0.329,4,0.549,6,0.2,0.686,-7.665,0.632,0.243,0.0
612,2vsuel3g4zaLYSOY0mOMbi,Bad Luck,Khalid,231.653,60,164.047,0.303,4,0.277,1,0.138,0.52,-5.515,0.432,0.0548,0.371
613,2QffgsYVZkvMQsZmQdgf2L,Paper Love,Allie X,197.673,0,189.948,0.38,4,0.106,1,0.0674,0.685,-6.086,0.567,0.0827,0.00142
614,0CgoJjztyESsK4pq3UIIKI,Rendezvous,DEAMN,191.186,0,117.994,0.523,4,0.446,1,0.0834,0.744,-3.879,0.679,0.0305,3.42e-06
615,2Y6wXxB9QpckJTkFkcUY3o,Love How It Hurts (feat. Tina Stachowiak),Axel Johansson,199.8,49,99.961,0.18,4,0.313,7,0.158,0.714,-6.042,0.616,0.0332,7.78e-05
616,61lDxV5pn2UdumqMpdxCKG,Savannah,Diviners,208.698,0,108.077,0.387,4,0.373,0,0.0392,0.776,-3.133,0.652,0.0392,1.32e-06
617,66YtIqT0kN4958EXnCnAmE,Legends Never Die - (Remix),League of Legends,167.173,67,154.918,0.34,4,0.164,9,0.504,0.81,-4.033,0.404,0.189,0.0
618,6OzPP9Ax7YsgRWxDITRbRY,Lullaby,R3HAB,160.183,46,127.965,0.26,4,0.0267,1,0.0623,0.8,-3.988,0.626,0.035,0.000133
619,4n7jnSxVLd8QioibtTDBDq,On My Way,Alan Walker,193.797,75,170.087,0.297,4,0.0209,1,0.301,0.689,-4.929,0.509,0.102,0.0
620,1tE9no1NyExKy7NCsg9ucW,Miracles (feat. Tina Stachowiak),Axel Johansson,191.5,54,97.961,0.123,4,0.0272,7,0.196,0.604,-5.915,0.54,0.0337,0.0
621,1jLsirPDkUS2g4gnkYua58,Ignite,Alan Walker,210.288,71,90.008,0.479,4,0.0208,8,0.192,0.864,-4.3,0.681,0.116,3.98e-06
622,4B2kkxg3wKSTZw5JPaUtzQ,On & On,Cartoon,207.068,2,174.141,0.418,4,0.285,11,0.123,0.696,-4.742,0.458,0.0402,0.0
623,2r9hCNjupNy2C2g3r6SNz6,Strongest (Alan Walker Remix),Ina Wroldsen,210.285,67,92.022,0.852,4,0.0785,0,0.124,0.787,-4.013,0.722,0.0734,6.46e-06
624,2kLf4myxQME1Nd0voeKZri,Stay Young,Mike Perry,157.004,0,89.996,0.559,4,0.0754,5,0.226,0.713,-4.826,0.572,0.0406,0.0
625,0jvqmWRCyv7xnxqrtinbHJ,Next To Me (feat. Tina Stachowiak),Axel Johansson,179.5,56,176.024,0.263,4,0.156,8,0.128,0.596,-6.724,0.447,0.0587,2.14e-06
626,1gdMKFGWrI34ZTO8k7Hfg6,Call You (feat. Nasri of MAGIC!),Cash Cash,219.45,42,125.506,0.112,3,0.12,10,0.374,0.767,-4.101,0.494,0.051,0.0
627,5sAcIjfZmNEgbseZ1Bpmom,The River,Axel Johansson,212.21,55,95.05,0.305,4,0.112,0,0.382,0.648,-4.972,0.498,0.0331,0.0
628,1J2EmhjTmHQxLShYQK7Xti,Forever Young,UNDRESSD,201.765,64,122.983,0.572,4,0.0375,8,0.237,0.725,-7.225,0.594,0.0293,1.06e-05
629,2wQ411UQL2MRsdAgPRUstT,Walk Thru Fire,Vicetone,194.482,65,116.028,0.351,4,0.329,5,0.382,0.664,-4.926,0.639,0.0357,1.53e-06
630,3bNIlJBpwgwFNnFuSjH6Uh,Hey Baby (feat. Gia Koka),Imanbek,177.545,47,122.001,0.649,4,0.189,0,0.265,0.877,-4.544,0.754,0.176,0.0
631,53IKe69OlZPlrDyS98geFO,On N On (feat. Leony),VINAI,151.935,53,124.078,0.557,4,0.195,4,0.347,0.883,-4.494,0.772,0.0372,2.87e-05
632,6eXFl418w8hsxKcLgv1jwJ,Lonely (with Jonas Brothers),Diplo,139.809,63,98.047,0.529,4,0.0611,1,0.206,0.717,-5.123,0.739,0.0565,0.0
633,6QcIPGlQpohjUNPpIv1OsB,Both of Us,Yellow Claw,198.152,0,160.108,0.33,4,0.368,5,0.285,0.742,-3.089,0.573,0.0453,0.00239
634,6nLctpnQJiPTxkaSgbPKiw,Together,Martin Garrix,221.274,53,127.871,0.196,4,0.0732,1,0.233,0.729,-4.773,0.509,0.0343,2.73e-05
635,23L5CiUhw2jV1OIMwthR3S,In the Name of Love,Martin Garrix,195.706,81,133.99,0.168,4,0.109,4,0.454,0.519,-5.88,0.501,0.0409,0.0
636,630sXRhIcfwr2e4RdNtjKN,Rewrite The Stars,Zac Efron,217.44,75,125.046,0.284,4,0.0716,10,0.122,0.619,-7.005,0.684,0.0386,0.0
637,5hM6sP0Gh1jD57drszNueC,For You (Fifty Shades Freed) (& Rita Ora),Liam Payne,244.293,0,112.946,0.171,4,0.0188,2,0.226,0.799,-4.567,0.483,0.0366,0.0
638,1HNkqx9Ahdgi1Ixy2xkKkL,Photograph,Ed Sheeran,258.986,86,107.989,0.201,4,0.607,4,0.0986,0.379,-10.48,0.614,0.0476,0.000464
639,5yFSF6qQA1rcLsQRnBsZgb,All Falls Down (feat. Juliander),Alan Walker,199.111,64,97.976,0.662,4,0.303,1,0.361,0.678,-4.407,0.658,0.058,0.0
640,3b5Li4QKDVBx1x7fQuu54a,Tired,Alan Walker,192.111,64,123.994,0.493,4,0.0428,2,0.147,0.876,-4.159,0.69,0.059,0.0
641,32DGGj6KlNuBr6WaqRxpxi,How Long,Charlie Puth,198.237,0,110.008,0.779,4,0.189,1,0.0805,0.581,-5.243,0.849,0.0767,3.61e-06
642,2OALaHcDdKkjYEpAr0Qzab,Lonely Together (feat. Rita Ora),Avicii,181.812,58,102.977,0.272,4,0.134,5,0.0683,0.666,-5.309,0.655,0.0612,2.12e-05
643,4kflIGfjdZJW4ot2ioixTB,Someone Like You,Adele,285.04,2,135.109,0.285,4,0.892,9,0.0975,0.33,-8.251,0.559,0.0285,0.0
644,7EI6Iki24tBHAMxtb4xQN2,Anywhere,Rita Ora,215.064,63,106.93,0.321,4,0.0364,11,0.104,0.797,-3.953,0.628,0.0596,0.0
645,5UEnHoDYpsxlfzWLZIc7LD,River (feat. Ed Sheeran),Eminem,221.013,0,90.052,0.693,4,0.17,8,0.0759,0.748,-5.794,0.757,0.473,0.0
646,6xCNYRfzZtoQRo1xruPmNq,Problem,Ariana Grande,193.92,0,103.009,0.625,4,0.0192,1,0.159,0.805,-5.352,0.66,0.153,8.83e-06
647,1T7Htpf1kEvU9Adf8J0ekk,Break Free,Ariana Grande,214.84,0,129.956,0.284,4,0.0064,7,0.204,0.702,-5.324,0.687,0.0455,4.35e-05
648,7bJwvubZZaoGE1AGEfu8Fi,One Last Time,Ariana Grande,197.253,0,125.036,0.122,4,0.115,8,0.104,0.618,-4.868,0.624,0.0322,3.3e-06
649,0OlnLZY4cmQzT6ZGttvWBM,So Far Away (feat. Jamie Scott & Romy Dya),Martin Garrix,183.636,68,149.119,0.13,4,0.435,6,0.197,0.52,-7.985,0.526,0.0569,0.0
650,0afhq8XCExXpqazXczTSve,Galway Girl,Ed Sheeran,170.826,80,99.943,0.781,4,0.0735,9,0.327,0.876,-3.374,0.624,0.1,0.0
651,72jbDTw1piOOj770jWNeaG,Paris,The Chainsmokers,221.506,76,99.99,0.219,4,0.0215,2,0.0939,0.658,-6.428,0.653,0.0304,1.66e-06
652,7hDc8b7IXETo14hHIHdnhd,Passionfruit,Drake,298.94,0,111.98,0.364,4,0.256,11,0.109,0.463,-11.377,0.809,0.0396,0.085
653,3cNjgVBKTJ1SvKhunrCdVy,Please Don't Go,Joel Adams,210.58,69,84.264,0.235,4,0.0118,4,0.294,0.768,-4.868,0.513,0.0587,1.94e-05
654,0gb1J5UrTpzaU1s3nupgCd,No Money,Galantis,189.126,69,126.01,0.803,4,0.0282,6,0.24,0.916,-4.014,0.671,0.0397,0.00762
655,7vRriwrloYVaoAe3a9wJHe,"i hate u, i love u (feat. olivia o'brien)",gnash,251.033,77,92.6,0.18,4,0.687,6,0.101,0.275,-13.4,0.492,0.3,0.0
656,7yHEDfrJNd0zWOfXwydNH0,Into You,Ariana Grande,244.453,0,107.988,0.358,4,0.0161,9,0.151,0.727,-5.852,0.636,0.106,1.12e-06
657,1CUVN2kn7mW5FjkqXTR2W1,Perfect Strangers,Jonas Blue,196.613,0,117.986,0.709,4,0.372,1,0.277,0.819,-5.307,0.742,0.0487,0.0
658,6i0V12jOa3mr6uu4WYhUBr,Heathens,Twenty One Pilots,195.92,82,90.024,0.548,4,0.0841,4,0.105,0.396,-9.348,0.732,0.0286,3.58e-05
659,4pdPtRcBmOSQDlJ3Fk945m,Let Me Love You,DJ Snake,205.946,0,199.864,0.142,4,0.0784,8,0.122,0.718,-5.309,0.476,0.0576,1.02e-05
660,7zsXy7vlHdItvUSH8EwQss,Cold Water,Major Lazer,185.36,69,92.943,0.501,4,0.0736,6,0.156,0.798,-5.092,0.608,0.0432,0.0
